2017-12-21T17:37:07Z,6598971
2021-07-16T14:38:23Z,44731466
2016-04-22T05:44:51Z,1924134
2018-11-26T18:22:09Z,6598971
2018-08-19T20:50:25Z,6598971
2022-05-16T19:21:37Z,49699333
2016-04-08T19:15:27Z,1112
2019-10-14T23:01:01Z,1112
2015-05-30T20:48:58Z,1556622
2022-08-19T17:41:49Z,6598971
2016-12-22T06:57:00Z,1924134
2018-07-31T13:05:42Z,19317416
2013-07-31T00:46:23Z,1112
2015-08-04T22:08:44Z,1112
2020-02-10T00:53:25Z,3293144
2021-10-29T16:11:38Z,59441762
2021-12-03T14:31:17Z,42599793
2018-08-10T18:17:54Z,237985
2021-06-12T11:42:13Z,30616446
2022-01-03T18:07:00Z,6338721
2022-05-16T14:17:43Z,10959405
2020-01-25T18:18:07Z,3425238
2020-12-25T23:56:35Z,6598971
2019-12-05T12:04:21Z,32426842
2022-09-15T19:33:16Z,50274938
2015-06-05T20:06:33Z,1112
2019-04-22T11:44:05Z,185086
2018-06-24T01:19:21Z,4267425
2017-02-03T00:01:00Z,5206277
2018-08-30T23:26:53Z,11175389
2022-10-28T22:30:50Z,42960205
2022-05-02T19:12:40Z,49699333
2022-10-30T19:57:47Z,48827972
2017-08-09T17:20:42Z,3797062
2016-02-17T19:07:57Z,1112
2017-03-31T21:57:54Z,2970963
2018-08-10T17:11:50Z,1377320
2020-05-28T12:31:19Z,6598971
2017-03-17T03:33:17Z,2621
2019-03-18T17:21:33Z,1112
2013-08-01T15:21:24Z,1844673
2013-05-29T04:31:54Z,1112
2020-12-26T16:35:57Z,6598971
2022-09-12T19:20:03Z,49699333
2013-08-19T04:02:35Z,663537
2020-05-10T22:20:49Z,3969255
2021-10-20T01:44:39Z,1319944
2017-06-28T21:52:13Z,2089487
2022-01-31T00:43:48Z,15153943
2019-11-13T09:25:40Z,1112
2016-12-12T22:22:18Z,6598971
2016-12-09T18:12:45Z,1933534
2021-03-14T02:58:36Z,6598971
2013-05-29T20:39:34Z,1112
2015-03-19T16:56:03Z,909198
2018-08-29T20:28:52Z,220817
2021-01-13T20:45:25Z,1024852
2021-05-20T14:39:26Z,22633385
2015-03-15T05:20:48Z,1112
2014-10-28T19:25:13Z,1112
2021-07-08T20:33:06Z,44731466
2013-05-24T18:24:04Z,1112
2022-01-03T18:05:44Z,14829023
2021-07-08T20:31:21Z,44731466
2020-12-25T23:58:50Z,6598971
2020-07-16T00:47:50Z,13805595
2016-09-02T03:45:54Z,541842
2015-04-28T14:52:39Z,1112
2018-03-01T18:59:25Z,868958
2021-09-13T20:59:08Z,49699333
2016-12-06T18:20:25Z,6598971
2021-08-26T15:24:03Z,29778277
2021-12-08T17:22:43Z,43399466
2018-04-14T17:45:59Z,4210981
2019-12-05T12:53:51Z,12968849
2020-12-25T23:51:14Z,6598971
2017-10-30T07:01:45Z,4631744
2022-09-05T08:22:59Z,4142577
2019-10-06T13:59:32Z,8794293
2014-04-07T15:17:48Z,1112
2022-10-16T16:51:34Z,903160
2013-05-29T01:23:50Z,1112
2021-10-31T02:32:54Z,29778277
2018-03-29T05:51:46Z,36832285
2016-05-07T18:17:38Z,2665334
2016-03-31T16:08:37Z,1112
2018-11-16T14:35:38Z,23709619
2022-09-05T08:25:02Z,23215294
2020-12-26T00:34:19Z,6598971
2013-08-19T18:09:02Z,1112
2019-02-02T00:42:33Z,7043511
2015-01-13T00:30:08Z,1112
2017-10-31T16:17:51Z,6598971
2016-07-18T20:31:28Z,613943
2022-01-13T03:34:58Z,6598971
2020-12-25T23:54:22Z,6598971
2021-07-13T18:51:13Z,44731466
2019-03-07T02:40:41Z,126919
2017-10-26T20:43:47Z,43708
2014-04-11T01:40:52Z,1112
2021-07-08T19:48:41Z,44731466
2013-07-11T17:45:23Z,1112
2020-02-10T01:01:54Z,13137996
2021-04-29T20:08:35Z,98980
2020-02-27T12:41:51Z,7135505
2018-06-13T00:47:29Z,2534771
2021-07-13T17:11:14Z,44731466
2015-07-06T19:25:16Z,1112
2017-01-31T07:08:12Z,6598971
2013-08-30T06:06:40Z,80111
2013-09-13T15:14:46Z,1112
2015-04-28T19:06:20Z,1112
2021-07-16T11:49:12Z,44731466
2021-11-08T12:22:54Z,53483484
2019-01-08T01:43:03Z,5843007
2019-02-01T03:06:20Z,730342
2018-10-08T11:55:33Z,6598971
2022-10-31T19:24:24Z,91172267
2018-04-20T21:30:56Z,4210981
2014-10-14T23:09:18Z,1112
2013-08-21T22:02:03Z,1112
2014-04-19T21:47:17Z,1112
2020-01-19T19:02:03Z,26854
2021-07-13T18:49:38Z,44731466
2015-08-03T18:57:23Z,5751682
2019-03-21T18:34:09Z,1112
2013-05-24T20:05:36Z,1112
2019-06-21T03:38:14Z,6598971
2017-03-07T23:57:14Z,1924134
2022-02-14T12:41:20Z,1413798
2014-04-11T00:05:19Z,1112
2021-12-30T23:21:43Z,86444436
2018-08-08T17:56:05Z,6598971
2022-01-21T20:47:45Z,3655000
2016-08-13T00:13:39Z,26548
2021-06-01T14:23:30Z,71305956
2015-12-18T00:08:02Z,367275
2019-06-11T11:53:35Z,369053
2017-07-10T16:31:39Z,1924134
2022-01-24T19:12:57Z,49699333
2013-07-29T16:49:05Z,1112
2013-06-19T03:39:00Z,1112
2015-06-15T06:47:59Z,109308
2013-08-22T22:37:49Z,1112
2018-09-02T01:28:07Z,47
2017-01-21T06:21:08Z,8947444
2019-02-02T00:45:54Z,6598971
2019-01-19T01:11:13Z,6045753
2022-10-25T14:54:51Z,85864673
2022-02-03T20:50:47Z,3777574
2021-09-03T16:25:00Z,23064550
2019-03-18T21:46:04Z,1112
2021-06-18T12:45:16Z,514535
2017-03-08T00:44:14Z,429977
2022-09-12T19:19:02Z,49699333
2021-08-21T15:36:59Z,6598971
2017-10-09T03:47:12Z,1034429
2021-07-13T18:50:46Z,44731466
2020-12-25T23:50:16Z,6598971
2016-02-04T01:11:57Z,1112
2019-04-05T19:55:23Z,8705386
2013-08-19T18:34:35Z,1112
2022-02-22T17:58:04Z,1909753
2014-04-10T00:13:27Z,1112
2016-08-01T20:43:26Z,6598971
2018-10-04T11:08:10Z,7610845
2021-09-27T14:57:55Z,6598971
2017-03-16T22:10:28Z,2621
2019-06-14T01:40:01Z,6598971
2021-10-29T16:10:14Z,59441762
2020-12-25T01:31:48Z,6598971
2021-07-08T17:28:58Z,29356483
2016-09-01T19:22:04Z,7233434
2019-04-18T10:38:12Z,11677
2017-05-15T19:45:53Z,8947444
2018-04-20T16:11:56Z,4210981
2021-06-24T00:12:57Z,44731466
2022-10-31T19:27:51Z,44731466
2021-05-07T12:34:53Z,3689532
2014-06-04T07:26:19Z,1924134
2022-10-12T16:55:08Z,21038143
2019-04-25T11:47:28Z,6598971
2020-12-16T11:17:27Z,6598971
2013-09-03T18:21:44Z,1112
2015-05-02T21:14:46Z,1112
2021-12-16T17:48:20Z,5392527
2014-01-28T20:16:11Z,1112
2015-05-20T17:43:04Z,5216553
2017-08-16T21:47:52Z,6598971
2016-09-14T16:45:29Z,6598971
2019-12-05T12:55:17Z,28327438
2013-09-20T21:58:03Z,1112
2020-04-19T20:02:45Z,42675056
2017-11-06T15:59:06Z,6598971
2019-12-05T12:40:22Z,7463306
2019-01-11T15:55:04Z,7413968
2019-09-10T00:23:22Z,7850749
2020-12-25T23:49:42Z,6598971
2021-02-16T19:20:53Z,2131483
2022-05-16T14:28:58Z,5674651
2017-03-16T23:02:52Z,5498827
2016-02-16T21:20:29Z,994907
2020-12-26T00:40:40Z,6598971
2013-05-29T02:59:41Z,1112
2021-08-11T11:15:22Z,6598971
2021-03-25T22:21:55Z,6598971
2015-12-30T17:09:14Z,1112
2021-07-08T20:13:45Z,3592135
2016-03-31T22:15:30Z,1112
2021-06-12T23:47:52Z,1112
2017-04-09T17:43:40Z,1929644
2022-05-15T01:10:32Z,5674651
2021-02-04T00:41:21Z,22482503
2021-07-08T20:32:01Z,44731466
2013-12-02T19:25:26Z,1112
2021-12-04T00:44:19Z,127548
2021-04-01T14:16:15Z,129810
2022-04-30T00:45:42Z,6598971
2018-07-15T23:43:28Z,7146319
2014-04-11T04:11:45Z,1112
2020-01-24T13:04:46Z,6061440
2020-09-01T22:31:57Z,4151357
2021-04-24T12:22:26Z,6598971
2014-04-10T19:47:42Z,1112
2021-12-06T03:21:27Z,6598971
2021-07-20T14:08:15Z,53483484
2018-10-27T12:45:17Z,33940798
2015-05-28T13:14:27Z,2493339
2019-10-16T02:11:19Z,1112
2021-04-08T12:46:53Z,9400927
2020-12-25T23:49:04Z,6598971
2018-03-12T20:24:18Z,43708
2013-04-29T17:15:32Z,1112
2021-08-19T18:20:01Z,1112
2017-08-30T16:15:12Z,13651458
2016-05-04T22:16:30Z,1112
2020-12-07T00:42:14Z,6598971
2019-10-25T23:34:45Z,3088710
2022-05-02T19:13:11Z,49699333
2015-10-14T22:27:12Z,1112
2022-09-22T18:38:08Z,37854793
2021-10-26T17:48:43Z,13183033
2019-12-05T12:43:27Z,3797062
2015-12-30T16:10:05Z,1112
2018-08-10T15:23:19Z,18497513
2021-07-28T14:00:53Z,1608212
2019-01-11T15:00:10Z,6598971
2017-10-26T22:12:31Z,1569687
2016-11-30T17:57:24Z,6598971
2021-09-19T22:50:31Z,6598971
2021-10-31T15:03:37Z,320064
2015-06-13T20:35:15Z,237985
2017-02-22T01:57:09Z,1924134
2014-04-11T21:32:23Z,1112
2019-10-29T00:08:22Z,29454137
2020-01-22T14:04:11Z,19730728
2016-02-16T22:53:25Z,1112
2022-10-24T19:31:29Z,49699333
2022-06-16T16:45:18Z,67631498
2014-06-02T15:46:29Z,1112
2019-10-15T15:09:37Z,1112
2013-10-04T09:24:52Z,1976
2016-12-03T18:31:18Z,30920
2021-08-19T16:58:23Z,49699333
2019-04-05T19:53:42Z,17930663
2021-09-05T13:06:46Z,59441762
2021-07-13T23:00:28Z,44731466
2020-01-09T00:19:21Z,6598971
2019-09-08T00:05:49Z,6126813
2021-08-19T18:24:38Z,49699333
2020-12-26T00:38:02Z,6598971
2020-08-22T03:15:17Z,17623702
2013-09-04T22:20:42Z,1112
2014-04-09T23:45:28Z,1112
2021-10-05T16:11:14Z,3168644
2017-09-26T19:57:22Z,1924134
2015-12-31T06:06:46Z,80111
2017-11-06T16:30:59Z,5674651
2020-07-25T22:43:12Z,282361
2013-07-29T20:18:23Z,1112
2016-02-04T01:23:11Z,1112
2020-12-25T23:54:01Z,6598971
2019-09-07T20:36:08Z,18562
2014-04-11T16:31:42Z,1112
2021-08-31T17:41:41Z,44731466
2014-12-03T06:46:28Z,9406
2018-02-12T18:45:14Z,24613078
2021-09-09T16:26:30Z,71305956
2021-06-13T00:01:38Z,1112
2020-01-08T01:54:46Z,672876
2020-09-12T11:39:28Z,14843556
2014-01-30T19:14:21Z,1112
2021-12-03T14:47:32Z,32382885
2020-06-24T23:14:49Z,25732808
2019-06-21T02:59:42Z,6598971
2013-08-08T21:21:51Z,1844673
2019-12-05T12:38:59Z,7043511
2016-11-29T05:30:17Z,7548
2016-07-06T17:31:42Z,6598971
2022-10-31T19:29:17Z,44731466
2016-11-04T16:20:50Z,6598971
2014-03-31T17:10:21Z,1112
2021-07-16T11:50:04Z,44731466
2020-12-26T00:18:55Z,6598971
2014-10-18T22:10:44Z,1924134
2016-01-23T19:26:36Z,237985
2019-10-29T13:33:15Z,32587398
2016-02-17T07:10:16Z,1112
2013-06-05T21:15:33Z,1112
2017-11-22T20:57:21Z,8335904
2022-11-07T16:41:12Z,55906459
2014-08-29T15:13:25Z,1112
2020-05-28T01:51:02Z,3969255
2016-02-12T21:37:43Z,6598971
2016-02-13T20:50:03Z,1112
2015-04-28T20:43:18Z,144876
2019-12-23T19:25:51Z,22785933
2018-07-25T21:39:35Z,16139407
2019-07-25T12:17:48Z,6598971
2017-04-25T17:03:26Z,8947444
2016-04-19T21:22:56Z,6598971
2013-11-04T17:37:26Z,1112
2021-10-30T15:59:49Z,29778277
2019-10-15T23:15:07Z,1112
2013-06-20T21:24:53Z,1112
2021-08-19T17:30:19Z,6032561
2013-08-20T20:57:18Z,1112
2021-07-08T08:48:39Z,514535
2019-01-03T23:16:33Z,5843007
2021-09-27T03:02:34Z,55826637
2017-03-21T16:22:57Z,1661830
2021-09-01T17:41:36Z,44731466
2017-02-01T01:29:59Z,41730
2020-12-26T00:21:23Z,6598971
2021-11-18T22:00:42Z,16080771
2019-01-25T14:51:21Z,6598971
2016-10-11T20:31:11Z,7246818
2021-11-26T03:08:13Z,6052966
2021-07-13T17:08:23Z,345551
2013-06-27T17:15:00Z,1112
2021-10-29T16:12:54Z,51873093
2013-05-30T18:29:41Z,1112
2021-10-27T20:50:34Z,28807775
2013-08-22T21:03:17Z,1112
2013-07-04T00:00:54Z,1112
2020-07-08T01:48:09Z,15992642
2020-12-14T15:56:55Z,19297627
2016-05-09T10:48:33Z,8125524
2013-09-09T21:42:51Z,1112
2021-07-13T18:52:26Z,44731466
2014-04-10T00:20:09Z,1112
2020-08-22T03:12:54Z,30496180
2020-02-27T12:44:05Z,7043511
2018-02-23T21:33:31Z,12427142
2013-06-16T21:22:16Z,1112
2017-11-08T00:08:55Z,18267109
2014-01-30T18:30:11Z,1112
2014-04-18T05:57:27Z,1976
2014-06-01T21:54:10Z,836375
2013-10-19T13:35:40Z,776678
2020-08-15T21:15:21Z,4174162
2017-07-05T16:08:24Z,1924134
2021-04-08T12:44:24Z,10766871
2018-03-02T23:20:02Z,8181240
2020-12-25T23:50:00Z,6598971
2021-09-13T12:09:39Z,28563179
2014-04-11T01:47:46Z,1112
2013-08-01T15:53:36Z,1844673
2013-08-19T09:52:56Z,3358648
2014-04-07T21:27:32Z,1112
2022-03-15T14:19:41Z,48681726
2022-03-25T02:33:41Z,6598971
2017-03-31T23:56:19Z,1924134
2022-08-22T22:54:27Z,6598971
2014-09-24T20:09:17Z,10070
2016-12-08T19:11:06Z,245435
2020-01-08T02:14:12Z,3797062
2020-04-08T12:54:14Z,3969255
2016-04-11T18:43:51Z,3902086
2014-06-03T15:06:46Z,1112
2016-11-12T21:28:16Z,4267425
2021-11-29T15:50:15Z,6598971
2017-02-25T01:33:15Z,80111
2020-12-26T00:00:03Z,6598971
2016-02-14T22:23:06Z,565744
2022-01-13T04:26:15Z,6598971
2020-11-27T22:19:36Z,11175389
2016-12-19T18:31:58Z,1924134
2016-06-17T16:32:39Z,6598971
2022-06-19T13:38:15Z,637005
2015-04-28T18:37:28Z,1112
2021-06-18T14:58:49Z,514535
2021-07-16T19:33:27Z,44731466
2018-08-31T23:23:39Z,6598971
2018-11-22T02:16:59Z,6598971
2022-10-31T19:26:24Z,44731466
2020-08-22T03:01:25Z,475364
2013-06-25T20:08:00Z,1112
2022-01-02T02:49:01Z,25031255
2022-04-11T23:54:40Z,1736832
2014-10-29T18:44:18Z,1112
2022-01-24T19:36:54Z,49699333
2016-12-08T14:02:15Z,22316
2014-04-17T23:49:17Z,1112
2013-06-15T06:36:55Z,1976
2020-12-02T18:01:38Z,6598971
2022-06-15T19:50:58Z,1844673
2020-03-03T00:54:58Z,3969255
2020-01-27T21:45:46Z,141908
2016-06-28T22:16:27Z,38349
2020-03-01T13:06:42Z,42675056
2019-07-08T22:29:48Z,852225
2021-04-14T12:20:52Z,6598971
2021-07-08T20:11:32Z,44731466
2021-04-21T13:52:31Z,245435
2020-09-12T11:36:09Z,1764424
2017-07-11T16:04:06Z,1532900
2017-03-09T00:26:06Z,11862132
2014-10-31T17:49:34Z,1112
2019-02-27T23:31:12Z,4493719
2017-02-18T23:40:47Z,1924134
2019-06-11T12:03:22Z,6598971
2022-04-26T14:00:53Z,49699333
2019-02-12T21:52:02Z,6598971
2016-05-03T22:20:58Z,1924134
2016-07-19T06:20:52Z,6598971
2013-07-03T22:30:32Z,1112
2017-01-08T09:28:34Z,8947444
2015-06-05T20:08:28Z,1112
2021-07-26T11:12:58Z,17633736
2021-09-04T16:46:37Z,3969255
2018-02-27T16:32:19Z,8335904
2013-08-21T22:12:11Z,1112
2022-08-13T21:31:04Z,1115287
2021-11-02T01:47:24Z,49699333
2020-01-08T21:56:04Z,6598971
2014-03-30T03:58:25Z,539358
2016-12-22T06:55:51Z,1924134
2016-11-28T20:35:14Z,6598971
2013-11-15T14:38:44Z,92280
2016-02-11T08:51:40Z,1924134
2020-12-26T00:35:10Z,6598971
2020-12-26T16:35:07Z,6598971
2022-03-08T13:33:31Z,1844673
2020-12-26T00:40:17Z,6598971
2021-07-16T19:44:41Z,6598971
2015-11-20T21:11:25Z,1112
2013-08-05T15:52:19Z,1112
2016-01-11T15:00:07Z,80111
2021-10-29T16:08:52Z,59441762
2015-09-30T04:50:10Z,1924134
2019-03-18T21:17:26Z,1112
2021-05-12T13:28:57Z,40240884
2015-04-28T15:45:21Z,144876
2020-09-01T22:30:47Z,6598971
2021-07-08T20:35:32Z,44731466
2020-11-12T22:07:36Z,15039296
2021-10-25T15:14:45Z,44066540
2013-05-24T23:58:37Z,1112
2020-04-16T13:14:46Z,7498914
2019-06-14T01:05:06Z,6598971
2016-12-27T18:43:37Z,6598971
2019-04-04T12:38:00Z,6598971
2013-08-20T15:16:11Z,1112
2020-12-26T00:21:55Z,6598971
2019-09-18T00:18:10Z,16793612
2015-09-18T20:44:29Z,1112
2015-02-23T02:56:54Z,5438456
2017-12-29T15:47:42Z,2838283
2022-10-25T14:16:10Z,6598971
2013-06-19T02:42:10Z,1112
2017-03-08T20:41:57Z,80111
2022-08-13T22:18:19Z,90494331
2021-10-25T02:56:44Z,44731466
2013-05-24T20:17:47Z,1112
2016-03-03T23:16:28Z,1558388
2013-09-04T22:20:53Z,1112
2020-12-25T23:56:19Z,6598971
2013-08-01T15:08:36Z,1844673
2015-01-13T00:33:36Z,1112
2022-04-03T16:42:13Z,6598971
2015-11-01T10:21:32Z,1924134
2019-04-18T10:46:59Z,6598971
2019-06-22T16:36:27Z,2194285
2015-04-30T00:22:32Z,237985
2016-02-11T19:41:35Z,1924134
2020-09-17T15:18:51Z,25223784
2016-12-16T23:18:18Z,5206277
2019-04-14T02:13:44Z,8705386
2015-04-30T00:17:38Z,237985
2021-10-27T21:05:37Z,28807775
2018-08-04T01:59:44Z,366002
2019-01-28T04:17:15Z,8698527
2018-04-27T02:30:27Z,11878790
2018-08-31T19:18:49Z,16294261
2016-01-22T14:10:30Z,1012772
2021-09-27T14:22:54Z,13918954
2019-10-16T15:24:00Z,1112
2013-10-28T13:44:22Z,3432
2021-10-30T05:24:36Z,29778277
2016-05-13T21:42:02Z,6598971
2020-01-08T02:04:57Z,3797062
2019-12-26T15:09:21Z,8705386
2022-04-29T17:53:20Z,1112
2020-12-26T00:38:18Z,6598971
2021-02-09T16:50:16Z,4115580
2020-12-25T23:47:36Z,6598971
2018-12-03T17:40:47Z,7146319
2016-01-03T13:10:25Z,1449155
2013-06-27T01:11:57Z,1112
2017-12-02T09:36:18Z,9465626
2022-10-26T13:51:49Z,29778277
2020-08-19T16:45:08Z,51873347
2015-01-26T18:08:42Z,1112
2018-07-15T23:53:32Z,3797062
2017-01-19T07:01:33Z,1924134
2015-04-30T14:22:14Z,1112
2015-04-28T21:54:03Z,1112
2013-05-29T19:05:13Z,1112
2018-04-19T23:21:32Z,301475
2022-03-25T02:32:43Z,29010283
2022-02-17T16:15:14Z,460628
2013-06-03T12:27:25Z,1976
2013-08-21T01:03:44Z,1112
2015-12-29T04:38:37Z,1924134
2014-04-11T18:54:27Z,1112
2020-04-10T01:28:23Z,6598971
2017-06-03T19:44:32Z,5498827
2021-12-16T17:49:51Z,6598971
2021-07-08T20:46:30Z,6598971
2022-04-29T15:04:28Z,1112
2022-01-25T16:32:57Z,55826637
2017-08-27T02:52:53Z,1112
2022-07-14T12:52:35Z,49147168
2015-11-26T07:26:20Z,1924134
2014-09-04T15:14:55Z,1112
2013-08-04T18:36:18Z,125902
2020-01-20T18:01:00Z,6598971
2018-09-15T21:08:23Z,25437320
2017-02-01T13:06:02Z,3179875
2019-08-30T23:37:48Z,4115580
2014-11-18T23:15:25Z,1112
2018-10-11T21:36:56Z,7445868
2021-07-08T20:30:39Z,44731466
2020-12-26T16:36:32Z,6598971
2016-07-08T15:32:12Z,245435
2016-01-05T11:40:54Z,22316
2020-12-26T00:24:02Z,6598971
2022-01-17T20:39:24Z,49699333
2018-02-23T21:38:07Z,12814245
2022-06-20T10:54:32Z,1256823
2015-02-26T03:24:49Z,97472548
2014-04-15T00:03:39Z,1112
2020-04-10T01:21:44Z,6598971
2020-08-22T02:58:41Z,30496180
2020-12-16T10:58:28Z,6598971
2016-03-21T21:07:27Z,6598971
2016-12-13T17:14:58Z,30920
2019-01-28T01:28:38Z,8935518
2019-02-08T03:52:01Z,6598971
2021-10-25T03:01:04Z,44731466
2013-09-13T15:20:30Z,1112
2014-12-10T22:16:14Z,423515
2021-09-24T01:34:29Z,22009
2021-05-26T20:01:15Z,1112
2018-11-09T01:58:14Z,1218385
2013-05-31T21:27:28Z,1112
2018-03-19T23:16:17Z,13562746
2022-10-18T00:30:47Z,6598971
2017-10-30T07:13:04Z,1569687
2019-04-25T11:46:09Z,7043511
2015-01-12T21:30:55Z,1112
2022-09-12T12:49:09Z,42595673
2022-06-07T13:39:55Z,67631498
2015-04-28T18:42:32Z,1112
2018-12-13T01:21:07Z,21367710
2020-04-24T14:18:32Z,7985301
2014-04-10T18:29:03Z,1112
2013-06-16T21:23:42Z,1112
2017-12-02T19:20:33Z,14567045
2020-01-26T22:54:18Z,1112
2013-07-04T00:14:57Z,1112
2021-09-03T16:29:24Z,695648
2017-01-19T07:22:36Z,1924134
2018-08-06T15:33:34Z,6598971
2016-10-02T21:18:34Z,408
2013-06-27T02:33:50Z,1112
2019-06-14T00:19:44Z,6598971
2016-09-14T02:14:26Z,2037086
2019-02-08T03:42:51Z,8935518
2014-04-11T15:50:42Z,1112
2021-02-21T13:28:27Z,320064
2020-12-25T23:58:30Z,6598971
2017-03-30T22:50:55Z,1924134
2020-02-10T03:21:44Z,598744
2020-05-22T01:49:04Z,7043511
2021-07-21T17:57:54Z,6598971
2020-12-18T02:28:01Z,6598971
2021-11-08T13:47:07Z,52988856
2020-12-26T00:22:24Z,6598971
2021-07-09T01:12:11Z,6598971
2022-04-29T17:56:53Z,1112
2020-04-11T13:26:57Z,10159111
2013-09-24T18:44:46Z,1112
2013-06-27T17:13:51Z,1112
2013-08-19T15:55:21Z,1112
2015-10-26T21:51:30Z,1112
2018-09-20T01:33:27Z,3131232
2020-08-15T21:12:23Z,17460666
2015-04-30T15:14:44Z,1112
2021-10-30T17:04:49Z,24895454
2021-10-19T13:59:23Z,729910
2020-02-22T14:45:24Z,50375356
2020-10-04T21:37:05Z,11023099
2017-02-24T20:00:49Z,6598971
2021-07-08T20:17:19Z,44731466
2017-03-01T22:27:59Z,1924134
2022-04-14T15:53:04Z,172697
2017-07-25T15:51:12Z,4474466
2013-08-30T19:11:23Z,1112
2013-07-30T23:54:51Z,1112
2021-07-08T20:19:42Z,44731466
2017-01-30T03:11:43Z,395621
2019-04-09T21:31:11Z,8705386
2021-08-19T18:24:43Z,49699333
2014-01-22T23:44:38Z,860441
2014-07-30T17:07:34Z,536325
2016-03-30T21:52:13Z,1744971
2020-12-26T00:44:17Z,6598971
2020-12-18T02:41:27Z,6598971
2019-12-05T12:44:27Z,8935518
2022-09-27T20:27:16Z,2799065
2020-04-20T00:53:25Z,49515
2021-10-29T15:57:59Z,51954399
2015-04-28T18:00:21Z,1112
2018-04-24T20:35:07Z,8294715
2018-12-28T14:59:34Z,5843007
2022-09-07T01:01:46Z,1559510
2021-10-19T13:55:33Z,8605565
2021-04-01T14:14:52Z,81194552
2014-04-12T00:44:31Z,1112
2016-06-29T16:22:35Z,6598971
2015-07-06T18:22:25Z,1112
2020-04-25T16:45:38Z,6598971
2017-06-03T03:24:20Z,1834577
2015-05-26T15:17:42Z,1112
2013-07-31T21:23:43Z,1112
2015-10-21T22:34:54Z,1112
2021-06-18T14:45:47Z,514535
2020-12-26T00:19:53Z,6598971
2018-04-02T18:50:45Z,1924134
2015-09-18T20:48:47Z,1112
2021-07-08T17:30:21Z,57769917
2016-06-17T15:48:27Z,6598971
2020-12-25T23:54:50Z,6598971
2021-07-17T19:43:23Z,44731466
2020-09-10T15:23:52Z,1112
2016-06-10T22:02:47Z,6598971
2021-12-03T14:43:23Z,3431813
2022-06-13T11:03:12Z,49147168
2019-12-05T12:48:47Z,13582547
2021-03-04T19:27:31Z,320064
2013-08-20T22:37:16Z,1112
2017-10-13T22:22:48Z,7146319
2021-08-18T12:12:44Z,11367982
2020-12-16T11:16:35Z,6598971
2014-04-11T19:08:40Z,1112
2021-03-05T15:39:27Z,29384396
2016-04-14T11:17:20Z,53407
2022-08-02T23:45:25Z,49772172
2022-05-16T13:35:44Z,1750815
2014-04-23T16:03:36Z,1112
2013-08-20T22:44:24Z,1112
2015-04-28T19:09:24Z,1112
2013-07-31T18:53:47Z,680040
2020-12-26T00:42:40Z,6598971
2015-04-28T15:47:49Z,144876
2014-04-11T23:19:12Z,1112
2016-03-27T18:36:10Z,1225294
2018-09-12T00:12:58Z,6598971
2021-11-01T14:57:11Z,52988856
2017-11-24T20:51:31Z,8335904
2017-03-11T16:14:41Z,53238167
2016-10-12T22:10:38Z,237985
2016-04-14T16:39:34Z,6598971
2017-04-08T19:49:29Z,8947444
2022-10-29T10:26:30Z,42960205
2022-08-19T14:22:28Z,6598971
2015-06-05T20:05:01Z,1112
2021-02-04T14:47:28Z,31009634
2019-07-04T13:04:04Z,2010175
2021-12-16T17:53:21Z,5767537
2020-11-14T18:07:45Z,11023099
2022-11-04T11:54:49Z,17789797
2018-01-22T17:57:02Z,4092
2021-02-19T14:33:06Z,22240292
2013-05-24T18:31:41Z,1112
2018-07-21T11:47:24Z,7028383
2021-09-01T17:39:31Z,44731466
2017-08-10T22:31:43Z,3827937
2013-07-01T17:49:07Z,1112
2018-09-28T17:38:21Z,316848
2018-03-13T15:32:35Z,43708
2019-06-21T02:02:21Z,6598971
2021-08-16T13:11:28Z,62405708
2021-07-08T20:48:44Z,1524988
2022-06-13T19:16:01Z,49699333
2013-08-27T06:27:13Z,663537
2013-08-01T19:27:45Z,1112
2020-12-16T11:03:36Z,6598971
2020-03-01T13:05:08Z,904679
2013-08-04T09:52:03Z,125902
2021-08-10T13:51:07Z,26854
2020-02-28T14:36:00Z,6598971
2013-08-21T14:12:40Z,1844673
2021-09-01T17:40:27Z,44731466
2021-04-14T12:34:44Z,6598971
2014-08-06T20:59:46Z,1112
2019-08-21T12:11:03Z,12149927
2014-08-10T03:35:31Z,10070
2017-05-18T19:25:15Z,1924134
2014-10-16T22:27:26Z,1112
2020-12-02T16:57:22Z,11023099
2017-09-20T21:51:49Z,13651458
2021-04-08T12:45:56Z,13442011
2020-12-25T23:52:11Z,6598971
2022-03-07T19:24:47Z,49699333
2018-08-10T15:54:05Z,1319033
2022-05-25T15:04:16Z,6598971
2020-11-14T18:03:48Z,14794708
2022-01-13T03:17:08Z,1565435
2017-08-09T20:22:24Z,3827937
2020-02-10T13:19:58Z,7135505
2021-07-08T20:19:05Z,44731466
2021-03-05T15:34:48Z,1517594
2022-08-13T21:32:51Z,96030739
2021-07-13T18:49:24Z,44731466
2020-12-26T00:21:38Z,6598971
2017-10-13T03:05:41Z,1700823
2021-07-13T18:50:18Z,44731466
2016-02-11T07:43:07Z,1924134
2021-03-15T11:56:28Z,16867443
2019-05-08T20:02:39Z,71920
2022-04-30T18:23:23Z,24737434
2019-03-29T10:47:11Z,104180
2016-02-24T13:18:26Z,379851
2019-01-03T19:09:22Z,21367710
2020-05-07T01:22:20Z,7043511
2015-03-27T03:50:23Z,101410
2020-12-25T23:48:01Z,6598971
2021-08-11T14:26:33Z,5392527
2017-10-04T16:59:39Z,2163707
2021-09-01T17:38:23Z,44731466
2021-07-08T19:34:45Z,6598971
2019-03-18T20:11:26Z,1112
2015-07-06T17:11:43Z,1112
2020-12-26T00:46:10Z,6598971
2021-04-27T18:49:32Z,320064
2013-08-14T18:07:39Z,1844673
2016-09-05T07:07:36Z,1065418
2016-12-22T06:06:54Z,1924134
2021-02-18T02:36:39Z,16080771
2022-06-13T19:34:06Z,480621
2022-10-26T13:45:28Z,29778277
2020-12-26T00:40:01Z,6598971
2015-07-06T21:17:08Z,1112
2016-04-09T18:51:17Z,1112
2014-04-19T21:46:17Z,1112
2014-04-10T18:46:21Z,1112
2017-03-28T15:55:31Z,6598971
2022-11-01T19:41:48Z,6325491
2021-07-08T20:54:01Z,44731466
2013-07-29T22:08:27Z,1112
2016-06-15T16:29:43Z,6598971
2022-10-17T19:21:21Z,49699333
2016-10-05T21:35:20Z,1924134
2015-01-11T14:23:59Z,1456047
2020-06-19T21:35:55Z,1112
2019-06-14T00:16:12Z,6598971
2021-01-25T12:58:04Z,11023099
2015-01-12T23:46:45Z,1112
2021-07-08T20:34:49Z,44731466
2021-10-26T17:49:26Z,13183033
2014-04-09T23:27:42Z,1112
2021-05-06T17:12:38Z,930621
2022-01-22T00:34:57Z,42625018
2020-04-10T01:45:09Z,6598971
2016-10-10T19:53:30Z,2665334
2020-03-25T17:54:14Z,6598971
2021-06-18T14:49:01Z,514535
2019-10-16T02:14:22Z,1112
2016-01-02T23:26:00Z,1449155
2014-12-04T15:46:51Z,1120702
2020-12-25T23:58:10Z,6598971
2016-02-23T17:30:56Z,6598971
2019-06-11T12:00:20Z,4115580
2013-06-25T21:33:07Z,1112
2020-06-24T23:27:03Z,6598971
2016-04-22T03:23:41Z,1924134
2017-01-09T02:30:11Z,395621
2015-04-28T18:13:13Z,1112
2013-08-01T15:19:58Z,1844673
2017-01-19T19:33:57Z,6598971
2014-04-19T21:42:16Z,1112
2022-08-13T22:22:20Z,116134
2022-08-18T12:20:45Z,7030393
2022-10-28T12:48:28Z,3311695
2017-04-08T18:03:05Z,395621
2021-07-12T13:13:38Z,96322
2020-12-26T16:39:11Z,6598971
2017-04-21T16:25:10Z,6598971
2020-08-03T00:44:43Z,18299
2022-10-20T14:57:41Z,17789797
2019-03-12T14:41:57Z,13351472
2021-10-25T03:02:44Z,44731466
2017-04-12T18:52:36Z,1929644
2018-02-22T17:21:13Z,5582459
2017-01-18T02:44:19Z,1924134
2017-11-23T01:55:05Z,281597
2016-07-19T00:22:51Z,1924134
2020-12-26T00:44:34Z,6598971
2019-06-25T03:19:40Z,22780957
2016-01-29T17:39:40Z,1121789
2022-08-31T23:58:16Z,3125309
2021-03-05T15:40:40Z,282361
2021-07-13T17:10:43Z,44731466
2016-01-03T00:56:08Z,1112
2022-02-09T13:10:44Z,10846939
2022-06-24T02:53:08Z,237985
2021-03-10T22:30:08Z,1112
2019-10-15T20:26:21Z,1112
2021-10-12T19:23:37Z,245435
2014-10-15T03:33:47Z,1112
2020-09-01T22:33:14Z,659985
2017-09-01T02:11:34Z,13651458
2017-01-14T19:01:01Z,2805166
2021-11-01T02:34:02Z,26054209
2017-11-08T00:07:28Z,5206277
2020-01-10T12:31:30Z,6598971
2015-09-18T20:35:14Z,1112
2019-06-21T01:47:17Z,6598971
2018-08-27T15:32:26Z,16294261
2015-04-28T14:55:15Z,1112
2017-12-02T19:34:41Z,1569687
2021-06-14T14:22:57Z,1585815
2013-06-14T22:55:53Z,1112
2020-12-26T00:46:27Z,6598971
2019-12-05T13:00:39Z,12313848
2022-10-25T18:25:56Z,85864673
2020-12-26T00:18:15Z,6598971
2021-07-16T19:35:32Z,44731466
2020-12-23T15:08:35Z,30190448
2016-07-13T17:31:26Z,1112
2021-09-01T17:42:32Z,44731466
2016-12-30T05:17:43Z,6598971
2016-02-17T18:55:36Z,1112
2021-07-15T19:30:29Z,5863788
2020-03-16T23:05:20Z,4744634
2016-07-09T07:04:14Z,1924134
2021-03-05T15:38:14Z,16080771
2019-11-14T22:08:27Z,1112
2013-10-15T08:36:00Z,92280
2021-07-13T18:51:44Z,44731466
2014-09-04T15:04:46Z,1112
2020-04-09T18:39:36Z,42675056
2019-09-07T20:25:43Z,6598971
2013-07-31T21:48:34Z,1646931
2022-09-17T18:41:32Z,50274938
2021-07-08T20:16:35Z,44731466
2019-02-24T17:05:50Z,8705386
2022-10-28T17:07:11Z,42960205
2014-04-07T22:25:26Z,1112
2020-12-02T15:54:44Z,14092576
2013-09-02T09:03:30Z,3853
2015-05-27T14:09:16Z,1297699
2020-05-30T09:24:48Z,59905
2013-08-05T23:20:58Z,1112
2017-03-08T20:35:20Z,1924134
2019-07-16T00:27:12Z,6598971
2021-02-05T21:32:29Z,16080771
2016-04-21T22:54:21Z,6598971
2015-05-20T18:32:01Z,1112
2014-04-11T22:34:41Z,1112
2014-04-08T10:52:48Z,697127
2017-08-15T18:11:45Z,1112
2020-12-26T00:39:33Z,6598971
2016-04-05T22:16:35Z,1112
2014-04-10T01:03:23Z,1112
2013-08-01T16:32:34Z,1844673
2014-04-08T10:34:59Z,697127
2021-07-13T18:52:08Z,44731466
2020-12-26T00:39:11Z,6598971
2018-03-05T17:57:21Z,868958
2017-07-18T21:00:00Z,1924134
2015-04-30T17:35:11Z,237985
2018-01-25T18:59:44Z,12427142
2015-04-30T00:15:29Z,237985
2020-12-25T17:22:45Z,6598971
2021-10-30T04:34:36Z,29778277
2021-12-03T14:52:06Z,976632
2013-09-05T20:23:46Z,1112
2017-04-08T17:54:08Z,464659
2013-08-22T15:12:26Z,1844673
2016-04-22T05:32:49Z,1924134
2017-01-19T06:58:39Z,1924134
2020-04-20T18:30:02Z,5167581
2019-04-18T10:39:35Z,1355619
2016-03-04T23:08:22Z,1112
2021-06-24T00:13:30Z,44731466
2013-05-30T17:14:56Z,1112
2021-07-13T17:21:23Z,44731466
2020-06-17T01:20:22Z,3969255
2022-02-04T16:02:25Z,8532541
2016-12-22T23:17:52Z,116087
2014-10-25T04:23:59Z,844637
2013-06-27T03:16:18Z,1112
2021-12-27T21:59:00Z,33391637
2021-01-07T22:15:23Z,282361
2020-12-26T00:45:17Z,6598971
2020-12-18T02:28:39Z,6598971
2021-11-08T13:22:31Z,6598971
2022-08-13T22:20:47Z,6598971
2013-12-12T00:44:16Z,7935
2021-02-15T23:56:36Z,6598971
2018-09-25T00:22:12Z,6598971
2021-08-19T18:21:49Z,49699333
2022-10-17T15:47:20Z,3249316
2017-10-13T19:37:42Z,1924134
2013-05-29T17:26:21Z,1112
2021-07-08T20:28:32Z,44731466
2018-02-05T18:50:56Z,7589596
2016-04-22T09:48:33Z,1924134
2019-11-19T02:08:06Z,32587398
2020-12-01T17:14:59Z,6598971
2022-11-15T02:26:36Z,49699333
2020-06-16T01:41:25Z,3293144
2018-02-12T18:46:55Z,6598971
2016-03-04T22:24:19Z,6598971
2019-02-12T21:53:47Z,6598971
2013-05-29T01:17:55Z,1112
2013-08-01T20:04:35Z,1112
2019-06-25T19:32:54Z,6598971
2017-03-15T20:52:18Z,6598971
2021-09-03T16:26:35Z,53790060
2019-08-24T01:25:00Z,47612504
2015-01-12T00:03:37Z,1924134
2018-08-01T01:04:16Z,4267425
2016-06-13T19:11:52Z,6598971
2021-09-04T16:26:36Z,3969255
2022-04-03T16:43:27Z,6598971
2022-03-03T18:19:52Z,65553218
2013-05-24T20:56:52Z,1112
2016-10-20T20:54:04Z,8093535
2016-12-27T18:43:04Z,1924134
2019-05-30T02:05:01Z,6598971
2022-04-30T00:33:04Z,6598971
2021-10-29T16:03:00Z,51954399
2021-09-03T11:59:32Z,42599793
2020-01-09T12:41:20Z,6598971
2018-03-13T22:58:20Z,1924134
2022-07-16T23:11:47Z,24737434
2016-04-22T05:36:17Z,1924134
2020-12-26T00:38:49Z,6598971
2015-07-06T19:54:07Z,1112
2013-05-24T16:38:54Z,1112
2018-03-08T03:32:08Z,5912456
2014-01-26T18:48:19Z,2548998
2020-01-26T18:47:07Z,1112
2021-07-08T08:51:47Z,514535
2022-08-21T21:33:17Z,637005
2017-03-21T16:33:37Z,1232165
2022-10-28T19:39:24Z,48827972
2017-10-13T19:18:29Z,1924134
2021-12-15T00:50:30Z,10892972
2018-11-15T13:38:05Z,1885220
2020-12-26T00:20:49Z,6598971
2018-12-13T01:20:17Z,24803604
2016-10-18T05:56:44Z,1834577
2017-03-01T22:44:27Z,1924134
2021-07-13T17:09:30Z,8049825
2021-10-29T16:05:45Z,59441762
2018-03-27T05:14:46Z,823277
2018-04-12T23:13:25Z,31506
2022-09-12T19:30:05Z,49699333
2017-04-21T01:17:29Z,607132
2014-04-14T18:17:01Z,1112
2014-04-09T12:18:08Z,2548998
2015-04-09T23:33:38Z,1112
2015-09-18T20:31:59Z,1112
2018-03-29T16:01:15Z,11677
2015-06-12T11:40:33Z,2803726
2020-12-26T00:23:24Z,6598971
2016-03-04T22:01:38Z,6598971
2021-10-27T15:45:03Z,52155098
2020-02-08T23:41:23Z,923242
2018-04-26T01:56:32Z,4210981
2018-01-09T21:38:30Z,1924134
2018-10-20T12:39:47Z,320064
2021-03-31T21:41:03Z,6598971
2018-01-16T22:59:09Z,5206277
2021-09-09T16:53:44Z,6598971
2016-06-16T21:23:48Z,6598971
2019-12-05T12:56:52Z,3697219
2015-04-30T00:10:48Z,237985
2016-02-19T23:01:41Z,6598971
2020-12-02T15:39:08Z,6598971
2019-06-11T12:05:50Z,28291
2021-05-12T13:29:46Z,6598971
2021-06-26T16:38:04Z,6598971
2022-01-12T14:44:53Z,58797390
2022-11-07T23:49:11Z,86659
2020-12-26T00:22:47Z,6598971
2020-12-26T00:21:06Z,6598971
2015-05-06T16:20:34Z,1112
2021-08-19T16:29:37Z,6032561
2019-12-05T12:47:23Z,8935518
2022-10-26T13:47:43Z,85864673
2014-04-09T22:39:47Z,1112
2022-10-25T18:34:34Z,29778277
2017-11-26T02:11:31Z,9465626
2016-02-04T00:58:44Z,80111
2017-05-11T20:40:33Z,1924134
2016-01-22T23:02:00Z,530306
2015-09-18T20:46:27Z,1112
2019-02-08T03:53:10Z,6598971
2020-09-17T15:20:12Z,16527874
2016-06-29T11:58:07Z,16670791
2020-03-19T23:53:35Z,4151357
2016-05-04T03:17:12Z,1924134
2016-07-01T15:59:49Z,1112
2020-12-26T00:20:13Z,6598971
2022-10-25T14:15:28Z,6598971
2014-05-17T21:35:34Z,1112
2015-06-05T18:28:54Z,618381
2021-09-01T20:07:27Z,77780597
2021-05-07T13:33:07Z,6598971
2018-05-04T00:51:46Z,1319033
2021-02-26T13:38:09Z,326565
2017-05-06T14:35:50Z,8947444
2016-06-15T17:40:32Z,6598971
2013-07-09T17:20:37Z,1112
2022-05-25T14:50:39Z,6598971
2013-12-23T14:32:15Z,169107
2021-10-27T15:44:20Z,52155098
2013-05-24T22:30:08Z,1112
2018-08-10T16:50:06Z,6598971
2016-09-07T21:10:27Z,1929644
2019-10-16T01:23:22Z,1112
2013-09-05T20:25:17Z,1112
2017-01-29T11:00:19Z,1834577
2015-07-06T20:50:00Z,1112
2021-07-15T16:59:28Z,5863788
2013-06-27T17:08:41Z,1112
2020-01-30T02:44:35Z,5768468
2022-10-28T14:41:56Z,91172267
2021-10-29T16:41:46Z,51873093
2021-07-08T08:53:14Z,514535
2022-11-09T14:49:46Z,3690566
2013-08-01T21:40:14Z,1112
2021-11-15T15:47:22Z,6939749
2016-04-10T05:20:04Z,6598971
2016-12-07T03:07:49Z,1310758
2019-09-08T00:06:59Z,47612504
2018-01-30T19:39:45Z,1112
2017-09-07T20:09:01Z,13651458
2021-07-08T17:32:32Z,11080782
2018-09-17T11:58:19Z,104180
2022-10-27T17:35:18Z,48827972
2022-03-25T02:43:32Z,6598971
2019-07-25T12:05:16Z,9895648
2016-05-04T05:25:14Z,1924134
2021-01-15T19:57:55Z,12695851
2013-05-29T01:21:15Z,1112
2022-10-18T00:43:07Z,6598971
2013-08-01T16:14:08Z,1844673
2014-01-16T15:04:31Z,2548998
2021-08-19T16:58:02Z,49699333
2021-02-12T18:56:56Z,22240292
2021-09-23T16:39:18Z,88679717
2022-08-13T22:15:57Z,106984157
2022-03-25T03:16:22Z,6598971
2015-10-14T22:25:54Z,24982
2020-03-10T23:28:33Z,3969255
2019-04-09T21:31:59Z,8705386
2021-10-18T22:27:32Z,11655165
2017-08-15T19:14:08Z,12012186
2021-10-31T04:15:04Z,51954399
2022-11-15T13:11:05Z,91491244
2014-07-22T15:22:36Z,1112
2018-09-26T00:10:23Z,6598971
2016-03-03T18:31:28Z,6598971
2020-06-07T17:01:18Z,6905948
2018-03-19T23:11:40Z,1112
2016-12-22T07:00:28Z,1924134
2013-08-01T15:57:22Z,1844673
2014-08-25T21:20:07Z,1112
2018-12-06T02:23:32Z,777956
2016-04-03T20:56:26Z,6013203
2013-08-21T00:04:44Z,1112
2016-07-29T02:42:56Z,26548
2021-07-08T20:29:54Z,44731466
2020-02-28T14:37:37Z,6598971
2022-09-18T03:06:47Z,37854793
2018-09-11T11:47:43Z,6598971
2020-02-04T02:15:07Z,6598971
2022-08-19T14:33:49Z,6598971
2021-07-16T11:08:20Z,6598971
2021-12-06T22:00:06Z,20135478
2018-08-28T00:39:50Z,47
2020-06-24T23:19:06Z,2442466
2019-06-25T19:29:59Z,20726392
2016-10-19T16:00:06Z,6598971
2014-07-03T03:55:39Z,2263107
2016-02-16T22:57:20Z,6598971
2013-07-16T00:18:32Z,1112
2020-12-25T23:51:55Z,6598971
2021-09-03T16:22:26Z,499857
2017-09-17T20:26:33Z,1976970
2021-08-18T23:54:30Z,6032561
2016-08-24T17:18:58Z,1112
2013-08-05T18:57:36Z,1112
2021-07-08T20:36:34Z,44731466
2021-06-07T18:35:56Z,4516999
2016-01-15T00:20:17Z,1112
2021-02-11T14:52:39Z,499857
2014-01-31T23:05:07Z,1112
2022-10-27T14:41:02Z,29778277
2017-05-07T00:07:02Z,1453749
2014-04-10T22:25:36Z,1112
2022-10-12T11:47:04Z,1049222
2020-12-26T00:34:36Z,6598971
2019-01-10T20:55:04Z,35896542
2013-05-24T22:20:32Z,1112
2016-09-22T19:31:51Z,6598971
2019-10-15T23:13:00Z,1112
2021-10-29T17:24:10Z,42599793
2016-03-04T23:27:34Z,1112
2020-08-22T03:18:13Z,804610
2018-10-03T00:43:15Z,1964445
2021-10-30T16:21:05Z,51954399
2020-12-26T00:35:25Z,6598971
2019-12-05T12:52:21Z,7043511
2014-06-12T01:13:59Z,3432
2013-07-29T20:50:56Z,1112
2020-05-31T20:04:47Z,3969255
2016-10-28T15:10:40Z,8531875
2021-01-26T17:08:47Z,2184455
2018-01-16T17:20:17Z,245435
2019-03-18T21:03:41Z,1112
2017-07-10T06:37:26Z,24318220
2017-11-06T15:51:09Z,165219
2018-09-25T00:20:10Z,11677
2013-05-25T00:05:43Z,1112
2020-11-09T14:25:33Z,3588652
2019-03-18T20:55:42Z,1112
2020-08-22T03:06:24Z,12074633
2017-08-11T16:36:44Z,1924134
2019-11-08T00:53:07Z,1112
2021-11-05T13:06:36Z,6117575
2015-05-11T21:35:14Z,1112
2020-08-16T18:35:17Z,6598971
2014-10-17T17:02:28Z,1112
2022-05-16T13:57:02Z,39257389
2017-01-31T22:50:21Z,12849568
2016-03-31T20:16:25Z,1112
2018-10-09T00:35:23Z,234019
2020-05-18T21:32:32Z,7043511
2020-12-26T00:23:05Z,6598971
2021-08-11T11:27:12Z,71305956
2022-05-13T17:01:22Z,61271066
2019-03-21T15:10:08Z,1112
2016-11-05T03:44:19Z,13009018
2016-09-28T03:47:51Z,44535
2016-06-15T18:33:53Z,6598971
2020-02-10T12:44:53Z,7043511
2021-07-08T20:27:30Z,44731466
2018-09-28T03:30:05Z,316848
2021-07-13T18:50:31Z,44731466
2013-05-30T16:59:48Z,1112
2015-07-06T15:29:10Z,1112
2018-07-25T01:06:01Z,868958
2021-07-08T20:03:01Z,53483484
2013-05-29T16:33:51Z,1112
2016-02-04T01:25:56Z,1112
2016-12-02T03:29:50Z,535718
2015-03-18T04:22:50Z,2718133
2013-11-08T22:50:40Z,92280
2021-10-29T16:47:20Z,51873093
2016-12-12T21:50:58Z,1924134
2015-04-28T19:22:03Z,1112
2020-12-18T02:27:37Z,6598971
2013-07-29T20:09:35Z,1112
2014-04-08T12:25:38Z,2548998
2017-08-22T20:06:26Z,6598971
2013-10-21T15:42:45Z,1112
2013-05-30T18:13:26Z,1112
2018-07-04T15:15:22Z,3797062
2021-10-29T17:15:44Z,42599793
2020-03-18T13:14:24Z,25223784
2021-07-08T20:29:12Z,44731466
2021-09-29T14:21:50Z,5392527
2021-12-23T02:33:02Z,1861251
2019-07-25T12:08:36Z,146378
2016-06-08T06:42:44Z,1924134
2014-06-05T16:30:12Z,1112
2019-06-19T13:25:48Z,564113
2016-03-27T22:45:00Z,2969603
2020-05-21T12:03:16Z,3934987
2020-06-17T01:12:46Z,34148527
2019-06-14T13:16:26Z,1884883
2014-10-15T01:09:24Z,1112
2015-09-11T19:42:28Z,3039877
2022-10-18T00:54:59Z,6598971
2016-06-16T20:24:50Z,6598971
2014-07-23T07:49:12Z,92280
2019-12-05T12:42:20Z,31372187
2021-07-15T22:30:43Z,44731466
2020-12-26T00:51:31Z,6598971
2013-07-03T22:30:26Z,1112
2021-03-25T20:36:44Z,6598971
2014-04-07T21:17:32Z,1112
2014-07-18T12:31:19Z,708286
2013-07-12T14:41:18Z,1844673
2017-08-17T22:12:17Z,8335904
2021-10-27T17:44:48Z,28807775
2019-07-08T22:02:04Z,1645674
2017-02-18T19:32:01Z,1924134
2018-11-22T02:33:27Z,6598971
2020-03-01T22:56:34Z,1112
2021-08-04T14:55:51Z,5392527
2014-04-11T16:16:18Z,1112
2022-02-03T16:55:59Z,1413798
2014-04-11T17:49:09Z,1112
2019-10-16T02:16:14Z,1112
2020-12-26T00:44:50Z,6598971
2016-07-08T18:48:47Z,6598971
2020-12-19T04:24:23Z,6598971
2021-11-27T01:52:13Z,49999070
2016-02-08T19:03:18Z,1112
2014-04-11T15:18:29Z,1112
2021-07-08T20:14:33Z,44731466
2013-09-24T21:13:01Z,1112
2016-12-13T01:57:40Z,1924134
2016-07-18T23:55:40Z,1924134
2021-01-11T14:03:01Z,30496180
2020-12-26T00:22:09Z,6598971
2020-12-02T14:28:53Z,1857320
2022-08-13T22:19:27Z,422054
2015-09-18T20:38:16Z,1112
2020-08-15T14:30:55Z,10264710
2018-03-20T19:10:58Z,1924134
2018-12-03T17:39:38Z,777956
2019-11-04T09:50:18Z,1112
2016-12-21T18:12:24Z,6598971
2016-08-20T20:37:20Z,8531875
2021-10-30T16:24:35Z,24895454
2016-12-30T06:21:55Z,6598971
2019-07-08T22:27:19Z,3991975
2020-05-28T01:49:01Z,4733114
2021-11-04T00:18:58Z,28563179
2021-06-18T14:36:36Z,514535
2013-07-29T23:20:37Z,1112
2020-02-22T14:44:04Z,53407
2014-04-10T17:12:02Z,1112
2022-07-12T12:47:10Z,432791
2017-03-04T19:18:57Z,234019
2021-07-13T18:50:05Z,44731466
2022-05-16T19:22:35Z,49699333
2019-06-09T21:02:41Z,5843007
2017-03-08T20:42:59Z,3143166
2021-11-01T02:47:40Z,26054209
2017-05-12T17:52:50Z,1924134
2016-01-25T05:05:38Z,10070
2019-01-25T14:49:04Z,9576999
2014-04-10T18:19:22Z,1112
2020-12-26T00:43:26Z,6598971
2018-12-18T02:34:20Z,8320753
2017-02-15T21:14:26Z,1924134
2021-12-24T00:32:00Z,8844886
2016-04-08T17:35:47Z,6598971
2016-06-27T01:58:07Z,6598971
2019-09-07T23:55:57Z,132966
2021-07-13T17:12:04Z,44731466
2019-10-15T23:26:28Z,1112
2022-10-25T13:48:47Z,91172267
2017-11-22T20:38:21Z,5206277
2014-10-17T15:54:06Z,1112
2021-07-13T17:21:56Z,44731466
2014-07-12T01:22:36Z,4604
2018-07-23T15:29:27Z,96101941
2021-03-05T15:36:25Z,320064
2019-07-16T00:25:23Z,3088710
2021-05-05T13:45:16Z,11162250
2022-08-13T22:28:28Z,26389321
2020-01-10T01:18:11Z,3797062
2022-03-21T19:37:34Z,49699333
2022-05-23T10:46:59Z,36621150
2017-04-21T00:56:03Z,954288
2021-07-08T20:38:06Z,85402943
2021-11-29T15:35:39Z,6598971
2022-05-23T12:29:11Z,67631498
2018-01-09T21:35:34Z,12814245
2020-12-19T03:28:14Z,6598971
2019-12-05T12:34:18Z,151272
2019-09-08T00:03:16Z,31205
2015-05-06T15:52:54Z,47026
2016-05-23T09:18:59Z,53407
2016-10-12T19:23:37Z,1526945
2021-10-12T17:00:04Z,1906605
2017-02-18T23:38:27Z,1924134
2014-03-31T18:10:24Z,1112
2013-05-29T05:09:48Z,1112
2016-05-18T00:00:10Z,1112
2016-06-07T16:53:06Z,6598971
2022-11-05T06:56:00Z,91491244
2013-09-12T05:20:19Z,41767
2014-08-11T01:05:05Z,10070
2021-07-13T18:49:49Z,44731466
2020-03-03T00:52:19Z,50375356
2021-07-13T17:13:52Z,44731466
2019-04-18T10:45:47Z,6598971
2021-07-16T14:40:33Z,44731466
2020-12-26T00:08:10Z,6598971
2017-01-05T22:16:10Z,1924134
2014-04-09T19:40:49Z,1112
2020-04-25T16:54:33Z,6598971
2022-10-25T13:13:00Z,48827972
2017-05-07T00:03:42Z,5206277
2013-06-27T01:48:02Z,1112
2020-12-25T23:51:40Z,6598971
2016-04-22T09:55:46Z,1924134
2017-03-01T22:43:19Z,1924134
2019-03-18T17:05:01Z,1112
2020-12-26T01:19:56Z,6598971
2020-12-25T23:59:46Z,6598971
2021-07-13T18:51:24Z,44731466
2017-03-08T20:45:55Z,6598971
2021-08-06T14:37:48Z,39176215
2021-07-08T19:41:39Z,11080782
2013-08-01T16:08:47Z,1844673
2021-07-08T20:32:37Z,44731466
2013-08-01T15:22:38Z,1844673
2018-03-28T03:04:29Z,11677
2017-06-04T03:01:11Z,1834577
2014-04-30T08:53:59Z,1976
2021-03-20T12:48:25Z,868958
2019-09-07T20:40:37Z,132966
2022-11-16T21:51:56Z,398111
2016-03-24T19:03:58Z,6598971
2016-09-28T04:39:25Z,6598971
2019-08-20T03:14:35Z,12035578
2013-08-21T21:29:23Z,1112
2022-05-24T12:43:48Z,6598971
2021-07-13T17:10:22Z,44731466
2015-09-18T12:16:12Z,3061
2019-03-21T19:03:01Z,1112
2017-07-18T19:06:04Z,1924134
2018-01-23T23:58:26Z,6598971
2016-08-24T04:34:10Z,1924134
2019-01-11T15:07:31Z,6598971
2016-12-07T06:38:23Z,6598971
2016-04-14T16:46:18Z,6598971
2016-06-21T16:26:27Z,6598971
2016-06-15T20:27:49Z,6598971
2016-07-29T03:42:35Z,26548
2021-04-14T21:09:14Z,441617
2016-11-29T18:44:06Z,395621
2013-08-01T15:20:53Z,1844673
2022-10-04T22:49:42Z,11235171
2021-07-08T19:58:55Z,6598971
2013-05-29T02:44:09Z,1112
2013-05-24T18:50:28Z,1112
2017-03-15T20:57:35Z,6598971
2018-05-09T12:43:34Z,1924134
2021-07-13T17:13:06Z,44731466
2021-03-10T21:59:41Z,408570
2013-06-15T05:46:32Z,1976
2017-07-22T05:56:58Z,3827937
2016-04-25T16:35:19Z,6598971
2015-02-26T12:27:38Z,2518
2019-04-05T19:58:05Z,3991975
2017-07-01T06:19:51Z,68231
2021-07-08T20:18:18Z,44731466
2019-05-13T05:18:47Z,4115580
2021-08-30T20:46:24Z,49699333
2014-01-03T18:34:19Z,1112
2021-10-27T15:41:52Z,52155098
2013-07-15T16:27:22Z,1112
2021-02-21T15:20:01Z,320064
2022-10-31T19:30:32Z,44731466
2014-06-02T19:02:32Z,39785
2020-12-26T00:23:43Z,6598971
2020-04-28T23:55:25Z,3969255
2017-10-13T21:50:48Z,1646931
2021-10-27T15:43:29Z,52155098
2018-07-12T16:47:13Z,281597
2016-08-24T13:45:23Z,3134439
2021-10-08T14:44:26Z,98980
2015-08-15T17:00:02Z,2976232
2019-12-05T12:37:48Z,5056295
2019-08-24T01:29:46Z,6598971
2019-12-09T14:18:53Z,612092
2020-12-25T23:50:57Z,6598971
2015-07-06T18:44:43Z,1112
2021-01-25T12:56:29Z,320064
2018-01-06T05:34:29Z,12427142
2021-12-03T14:45:31Z,11059083
2020-12-25T23:48:23Z,6598971
2021-04-15T14:04:27Z,1112
2014-04-10T17:11:18Z,1112
2019-12-23T19:24:04Z,6598971
2013-05-24T20:56:48Z,1112
2018-12-28T15:20:52Z,21367710
2015-11-27T20:28:57Z,39785
2022-09-19T19:58:28Z,49699333
2018-09-08T02:43:12Z,1942608
2017-11-01T20:52:32Z,1112
2021-07-13T17:12:32Z,44731466
2020-12-26T00:43:12Z,6598971
2017-07-18T18:38:22Z,1924134
2021-07-10T11:11:36Z,58946795
2020-12-18T02:27:09Z,6598971
2020-03-27T12:10:30Z,7135505
2021-11-04T15:10:34Z,66020907
2018-10-30T18:13:42Z,7700969
2021-10-19T13:50:22Z,11655165
2019-10-13T20:00:17Z,32587398
2017-01-31T22:26:55Z,6598971
2015-11-20T20:42:27Z,104030
2017-05-15T22:29:55Z,5206277
2021-07-13T17:11:33Z,44731466
2022-03-25T22:56:25Z,6598971
2016-06-26T07:10:35Z,17021
2014-07-22T18:29:44Z,1112
2014-10-18T01:48:10Z,1112
2017-07-19T17:03:00Z,3827937
2013-07-01T17:27:10Z,1112
2013-06-16T20:44:35Z,1112
2021-09-28T16:02:19Z,6598971
2013-09-05T16:29:16Z,1112
2013-10-25T15:18:55Z,1112
2015-05-04T15:33:27Z,1112
2016-12-10T20:21:43Z,529247
2016-01-01T23:06:11Z,1112
2021-08-19T16:58:30Z,49699333
2020-01-08T22:12:44Z,6598971
2019-04-18T18:12:49Z,43223
2018-10-04T03:34:42Z,829493
2020-12-26T00:34:03Z,6598971
2018-12-22T02:27:13Z,6598971
2017-06-03T21:25:57Z,1834577
2022-11-17T14:01:26Z,74864790
2015-06-05T20:13:53Z,1112
2014-03-30T02:38:33Z,539358
2016-10-05T22:48:44Z,9063340
2019-07-20T01:58:03Z,146378
2019-02-20T02:18:50Z,1187060
2014-04-18T05:54:52Z,1976
2019-06-14T13:24:55Z,6598971
2014-08-02T03:54:19Z,10070
2020-02-27T20:53:31Z,13137996
2021-06-18T14:51:47Z,514535
2019-02-28T02:54:57Z,10966923
2016-12-01T02:12:34Z,395621
2022-02-17T01:00:26Z,6942
2020-01-08T21:59:23Z,6598971
2016-07-13T17:52:18Z,6598971
2021-10-25T02:59:10Z,44731466
2017-03-08T15:53:16Z,8947444
2016-07-29T17:03:36Z,26548
2015-04-28T19:02:09Z,1112
2020-12-26T00:20:34Z,6598971
2020-04-09T18:34:56Z,13805595
2019-06-10T20:18:44Z,22263040
2021-11-08T13:41:39Z,6598971
2020-12-26T00:18:38Z,6598971
2018-11-09T01:54:40Z,777956
2020-12-16T11:05:50Z,6598971
2016-12-27T05:07:28Z,197491
2021-07-13T17:05:37Z,22009
2013-04-29T17:15:21Z,1112
2021-10-06T15:12:03Z,6598971
2017-04-08T18:05:11Z,2089487
2020-12-26T00:43:51Z,6598971
2022-11-07T03:35:11Z,53483484
2015-12-30T16:57:23Z,1112
2019-08-24T01:27:25Z,6598971
2019-02-15T17:35:18Z,7043511
2022-04-11T19:15:58Z,49699333
2018-09-11T12:18:16Z,6598971
2018-08-10T17:15:20Z,9406
2020-03-18T13:31:30Z,6598971
2018-08-02T03:07:57Z,4267425
2019-01-25T14:20:04Z,8698527
2014-06-12T00:58:15Z,3432
2018-03-05T17:54:12Z,1234972
2019-04-16T01:09:08Z,4115580
2022-10-28T15:17:28Z,42960205
2016-04-18T21:58:19Z,6598971
2019-12-05T12:36:59Z,47478603
2020-06-21T15:42:40Z,8036276
2022-06-27T20:35:01Z,49699333
2021-07-13T18:50:58Z,44731466
2014-08-30T00:55:16Z,1976
2021-02-07T15:30:50Z,31009634
2020-12-25T23:46:35Z,6598971
2013-08-20T23:32:55Z,1112
2022-05-02T19:12:55Z,49699333
2021-07-13T17:13:33Z,44731466
2019-11-21T23:59:59Z,4151357
2021-08-19T18:25:47Z,1112
2022-03-02T01:57:19Z,6598971
2017-08-11T18:24:57Z,3827937
2014-10-15T03:29:45Z,1112
2021-01-18T17:20:03Z,11023099
2014-06-02T14:58:42Z,1112
2019-12-05T12:51:24Z,1042463
2016-02-16T19:48:03Z,6598971
2017-11-14T05:11:52Z,6426634
2019-11-19T15:50:34Z,1844673
2016-09-25T04:10:19Z,44535
2022-01-24T19:13:12Z,49699333
2020-01-13T12:55:21Z,4115580
2021-11-29T13:12:24Z,53483484
2017-02-23T16:22:02Z,1924134
2016-11-02T03:31:34Z,13009018
2014-11-06T23:40:04Z,1112
2017-09-18T05:29:11Z,1112
2017-02-18T01:59:02Z,234019
2020-03-25T12:37:04Z,3293144
2021-10-18T21:28:55Z,49699333
2018-08-06T15:27:19Z,3703429
2019-04-19T20:32:59Z,3797062
2021-09-20T15:40:52Z,53483484
2018-09-07T21:15:11Z,43223
2017-12-21T02:17:00Z,5206277
2013-06-07T22:33:49Z,1112
2018-07-31T13:03:19Z,31205
2020-12-26T00:33:28Z,6598971
2016-11-05T17:26:17Z,13009018
2014-05-26T07:23:59Z,10070
2018-07-31T22:42:42Z,366002
2015-09-18T20:28:28Z,1112
2013-11-21T04:02:36Z,697127
2017-10-27T22:26:10Z,290451
2013-11-21T22:40:46Z,1112
2018-07-13T17:07:38Z,4267425
2013-10-23T06:53:14Z,992248
2022-02-28T19:28:47Z,49699333
2017-01-31T06:23:47Z,6598971
2019-07-08T22:06:19Z,8705386
2020-12-25T23:50:38Z,6598971
2021-07-13T17:21:39Z,44731466
2019-05-30T02:02:27Z,7043511
2014-05-28T15:54:36Z,4604
2020-01-16T00:19:29Z,40496186
2013-05-24T18:42:34Z,1112
2016-03-23T22:52:18Z,6598971
2017-12-02T20:04:27Z,5206277
2014-04-18T03:42:29Z,663537
2022-02-14T19:30:56Z,6224452
2017-03-11T05:09:05Z,395621
2013-07-30T23:14:04Z,1112
2017-01-17T18:45:56Z,5206277
2018-07-03T02:05:06Z,4210981
2016-11-24T05:43:33Z,189851
2016-11-03T04:09:17Z,1933534
2017-03-01T22:39:20Z,1924134
2018-10-08T11:52:59Z,7445868
2018-12-22T13:31:50Z,21367710
2021-10-26T17:50:00Z,13183033
2015-04-20T14:36:16Z,1112
2022-01-03T18:04:49Z,5767537
2022-10-03T19:21:23Z,49699333
2021-05-26T18:49:24Z,44731466
2021-03-31T21:15:42Z,6598971
2017-02-03T01:10:51Z,6598971
2020-12-25T23:53:32Z,6598971
2020-12-25T03:14:57Z,6598971
2021-07-08T19:43:22Z,11023099
2020-05-07T01:45:28Z,3969255
2019-09-07T20:14:32Z,6598971
2022-04-03T16:45:11Z,814148
2013-09-03T18:26:48Z,1112
2017-02-20T21:05:42Z,1924134
2015-08-03T19:02:36Z,1112
2022-05-02T19:02:52Z,19319135
2022-10-26T13:49:55Z,85864673
2016-11-27T02:14:17Z,395621
2014-10-12T20:47:37Z,697127
2020-12-26T00:42:58Z,6598971
2016-06-26T00:27:06Z,1844673
2018-08-10T17:09:23Z,6598971
2013-08-25T22:57:42Z,120979
2021-11-15T16:55:08Z,2253428
2016-05-17T22:03:41Z,6354026
2020-08-18T22:19:47Z,2030403
2022-05-16T14:20:53Z,81973057
2017-06-30T15:29:28Z,68231
2016-03-21T22:31:36Z,6598971
2018-08-02T03:09:42Z,4267425
2018-10-29T13:34:18Z,46573
2020-08-17T16:43:18Z,475364
2020-02-02T15:43:26Z,57259
2020-12-26T01:17:00Z,6598971
2016-04-21T13:01:34Z,53407
2020-12-26T00:38:33Z,6598971
2016-01-01T23:31:44Z,1112
2018-09-16T13:20:49Z,1112
2017-02-18T19:27:36Z,1924134
2018-08-01T12:49:33Z,39302384
2018-12-08T17:22:49Z,21367710
2021-07-15T18:37:16Z,44731466
2018-05-29T12:03:58Z,11677
2013-07-01T17:18:28Z,1112
2013-10-11T14:01:59Z,92280
2013-05-30T15:40:10Z,1112
2016-07-10T05:13:44Z,6598971
2020-12-26T00:34:54Z,6598971
2014-04-03T09:26:37Z,3133460
2020-03-09T14:52:32Z,3293144
2022-09-19T19:51:03Z,49699333
2016-03-31T22:25:54Z,1112
2016-06-25T18:34:47Z,1844673
2017-09-21T03:47:25Z,1924134
2017-11-16T23:53:36Z,1976970
2018-02-23T21:39:41Z,12427142
2016-12-22T06:58:22Z,1924134
2013-08-19T22:54:38Z,1112
2013-07-03T23:20:10Z,1112
2021-02-04T00:42:27Z,320064
2016-07-18T05:08:19Z,1924134
2016-11-14T19:06:42Z,6598971
2014-01-30T18:35:31Z,1112
2021-07-16T19:32:54Z,44731466
2022-10-26T00:36:07Z,91172267
2021-07-08T20:17:51Z,44731466
2013-05-31T20:15:57Z,1112
2017-03-05T02:27:41Z,234019
2019-10-15T22:15:43Z,1112
2021-08-16T11:22:33Z,12997
2017-10-03T18:03:08Z,1924134
2013-08-01T15:46:11Z,1844673
2020-04-25T16:29:21Z,3969255
2013-07-29T16:46:18Z,1112
2022-03-04T16:01:35Z,61813998
2016-02-04T01:30:03Z,1112
2020-12-25T23:47:03Z,6598971
2020-05-07T02:14:22Z,1745813
2014-04-11T16:55:04Z,1112
2021-07-13T19:00:12Z,44731466
2018-08-10T01:19:12Z,237985
2014-03-07T15:44:56Z,697127
2016-03-27T23:53:36Z,1112
2018-09-26T00:45:59Z,6598971
2018-04-11T04:51:06Z,31506
2014-06-07T00:58:03Z,3432
2013-08-18T01:04:55Z,71686
2021-10-28T23:12:46Z,13183033
2022-09-01T20:58:19Z,19319135
2017-02-02T16:55:40Z,1834577
2019-12-08T03:21:29Z,6598971
2017-04-21T19:11:22Z,2970963
2022-01-13T16:00:13Z,6598971
2017-08-15T19:59:40Z,1112
2021-10-29T17:33:48Z,42599793
2013-06-25T14:43:04Z,1112
2018-08-13T12:20:17Z,287584
2020-02-22T14:40:33Z,6598971
2015-11-24T16:13:49Z,8093535
2015-04-28T18:19:19Z,1112
2022-04-11T19:38:16Z,49699333
2016-12-28T06:04:47Z,1834577
2019-12-09T14:20:32Z,4247555
2020-12-25T23:56:54Z,6598971
2022-09-19T10:38:15Z,173006
2014-04-01T18:19:09Z,1112
2021-07-08T20:15:45Z,44731466
2020-05-28T12:15:17Z,6598971
2020-12-25T23:49:23Z,6598971
2013-07-29T21:22:26Z,1112
2022-08-22T22:48:21Z,6598971
2021-07-16T14:43:03Z,44731466
2017-10-02T21:05:52Z,13651458
2019-03-21T20:02:59Z,1112
2022-08-13T21:28:40Z,13720491
2021-06-18T14:56:56Z,514535
2018-11-30T03:37:53Z,777956
2022-06-27T20:26:40Z,49699333
2017-08-15T19:43:00Z,1112
2016-11-04T23:40:23Z,6598971
2017-08-29T03:39:57Z,16105680
2022-03-02T01:46:56Z,6598971
2014-09-25T18:21:50Z,4604
2021-07-08T08:32:36Z,514535
2017-10-30T21:24:40Z,1924134
2014-04-10T22:39:10Z,1112
2019-02-07T02:19:41Z,15000
2019-01-12T03:39:33Z,1355619
2018-07-16T18:01:58Z,13581922
2022-02-14T11:42:52Z,20567345
2020-01-31T17:41:57Z,222245
2021-04-01T10:57:22Z,10766871
2019-01-16T01:05:53Z,31205
2014-05-23T03:30:05Z,10070
2017-02-12T16:27:23Z,55506
2014-09-06T17:10:29Z,536325
2013-08-19T22:16:13Z,3358648
2013-08-16T18:26:42Z,1844673
2014-06-02T21:59:12Z,1112
2018-03-29T18:54:43Z,1924134
2014-04-09T22:08:06Z,1112
2020-12-19T03:26:15Z,6598971
2013-08-20T10:08:50Z,3358648
2020-03-18T13:23:50Z,42675056
2019-06-21T02:44:09Z,6598971
2021-08-06T14:37:05Z,53483484
2021-01-23T15:16:26Z,320064
2020-02-23T01:20:01Z,6598971
2022-10-08T09:36:49Z,4614044
2014-03-31T17:14:19Z,1112
2018-07-28T15:58:02Z,96101941
2017-04-01T00:03:35Z,13964486
2018-10-14T18:33:19Z,700998
2015-06-05T15:30:00Z,435591
2019-07-25T12:15:19Z,2300438
2020-12-19T04:44:32Z,6598971
2020-12-26T00:08:24Z,6598971
2017-11-16T23:56:13Z,5206277
2017-02-01T15:32:45Z,6598971
2016-03-22T16:27:04Z,6598971
2013-06-05T10:23:29Z,120979
2016-06-19T22:11:36Z,1924134
2020-04-28T00:58:39Z,2711058
2019-11-07T19:12:28Z,1112
2021-07-13T17:22:12Z,44731466
2020-06-17T01:11:25Z,2639770
2022-04-26T13:14:44Z,85489636
2019-03-21T15:07:36Z,1112
2018-12-30T13:37:10Z,21367710
2020-03-28T13:39:46Z,32058002
2016-12-12T22:21:03Z,1924134
2014-11-06T23:16:11Z,1976
2018-12-22T02:20:39Z,940341
2020-12-25T23:53:17Z,6598971
2020-05-04T03:49:28Z,10159111
2022-08-21T21:31:23Z,2541034
2016-06-23T06:25:06Z,1924134
2014-04-10T22:55:37Z,1112
2015-03-15T05:18:23Z,1112
2016-03-18T18:26:02Z,6598971
2013-05-29T01:36:14Z,1112
2013-06-07T22:04:35Z,1112
2020-12-25T23:48:46Z,6598971
2018-04-03T03:15:59Z,31506
2019-09-08T00:29:31Z,3680556
2020-08-11T12:44:37Z,14794708
2016-03-21T04:04:17Z,10070
2021-06-07T19:51:02Z,6598971
2014-01-30T16:51:42Z,1112
2022-08-22T22:36:25Z,512598
