2019-04-25 11:47:28+00:00,6598971
2019-06-10 20:18:44+00:00,6598971
2022-08-19 14:22:28+00:00,6598971
2019-01-19 01:11:13+00:00,6598971
2021-08-11 11:15:22+00:00,6598971
2019-07-08 22:27:19+00:00,6598971
2018-12-22 02:27:13+00:00,6598971
2022-01-13 03:34:58+00:00,6598971
2019-07-25 12:05:16+00:00,6598971
2018-11-22 02:20:05+00:00,6598971
2019-06-14 13:24:55+00:00,6598971
2019-06-22 16:36:27+00:00,6598971
2018-08-10 17:15:20+00:00,6598971
2020-02-10 13:19:58+00:00,6598971
2019-07-25 12:08:36+00:00,6598971
2019-02-08 03:53:10+00:00,6598971
2018-12-13 01:39:01+00:00,6598971
2018-09-12 00:12:58+00:00,6598971
2021-05-06 17:12:38+00:00,6598971
2019-08-20 03:14:35+00:00,6598971
2019-06-09 21:02:41+00:00,6598971
2019-07-04 13:04:04+00:00,6598971
2022-09-19 10:38:15+00:00,6598971
2018-08-27 15:32:26+00:00,6598971
2020-04-10 01:45:09+00:00,6598971
2022-03-02 01:46:56+00:00,6598971
2022-06-20 10:54:32+00:00,6598971
2021-11-29 15:35:39+00:00,6598971
2019-04-18 10:46:59+00:00,6598971
2022-11-15 02:26:36+00:00,6598971
2019-07-20 01:58:03+00:00,6598971
2021-11-08 13:22:31+00:00,6598971
2021-08-11 14:26:33+00:00,6598971
2019-06-21 01:47:17+00:00,6598971
2020-12-02 18:01:38+00:00,6598971
2019-08-24 01:27:25+00:00,6598971
2019-06-11 12:05:50+00:00,6598971
2019-07-08 22:29:48+00:00,6598971
2020-03-25 12:37:04+00:00,6598971
2019-06-25 19:29:59+00:00,6598971
2022-10-18 00:30:47+00:00,6598971
2019-07-25 12:15:19+00:00,6598971
2019-04-19 20:32:59+00:00,6598971
2019-09-07 20:40:37+00:00,6598971
2018-09-26 00:45:59+00:00,6598971
2019-05-30 02:02:27+00:00,6598971
2019-09-07 20:36:08+00:00,6598971
2022-05-25 14:50:39+00:00,6598971
2019-06-19 13:25:48+00:00,6598971
2019-02-28 02:49:24+00:00,6598971
2020-05-28 12:31:19+00:00,6598971
2021-04-14 12:20:52+00:00,6598971
2019-06-11 12:00:20+00:00,6598971
2019-06-25 03:19:40+00:00,6598971
2019-08-30 23:37:48+00:00,6598971
2021-04-24 12:22:26+00:00,6598971
2019-05-30 02:05:01+00:00,6598971
2020-01-09 00:19:21+00:00,6598971
2019-05-30 23:51:44+00:00,6598971
2022-05-13 17:01:22+00:00,6598971
2020-07-16 00:47:50+00:00,6598971
2022-08-22 22:48:21+00:00,6598971
2021-09-23 16:39:18+00:00,6598971
2019-06-11 11:53:35+00:00,6598971
2019-08-21 12:11:03+00:00,6598971
2019-07-08 22:02:04+00:00,6598971
2019-02-12 21:53:47+00:00,6598971
2021-06-26 16:38:04+00:00,6598971
2019-07-16 00:27:12+00:00,6598971
2018-11-22 02:33:27+00:00,6598971
2018-08-06 15:27:19+00:00,6598971
2019-07-08 22:06:19+00:00,6598971
2021-09-09 16:53:44+00:00,6598971
2021-07-09 01:12:11+00:00,6598971
2022-06-07 13:39:55+00:00,6598971
2021-06-01 14:23:30+00:00,6598971
2019-02-02 00:45:54+00:00,6598971
2020-03-18 13:31:30+00:00,6598971
2021-10-12 19:23:37+00:00,6598971
2021-03-25 22:21:55+00:00,6598971
2019-05-11 22:37:17+00:00,6598971
2019-05-13 05:18:47+00:00,6598971
2020-01-10 12:31:30+00:00,6598971
2019-09-07 20:14:32+00:00,6598971
2022-04-30 00:33:04+00:00,6598971
