2019-11-05T14:22:06Z,78230120
2017-09-08T13:55:03Z,110414
2017-06-09T19:03:48Z,275268
2016-12-12T18:28:12Z,14790466
2016-06-12T14:20:21Z,275268
2015-12-03T21:23:50Z,275268
2015-12-01T04:08:32Z,14790466
2017-08-22T19:59:04Z,275268
2017-06-09T20:57:13Z,275268
2015-12-12T14:57:20Z,275268
2018-09-22T08:42:45Z,275268
2016-06-12T17:59:43Z,275268
2019-08-20T16:30:56Z,15725585
2019-05-30T23:00:05Z,25283027
2016-02-21T21:29:06Z,275268
2015-11-04T07:47:54Z,275268
2017-08-22T19:26:42Z,275268
2015-12-06T21:55:03Z,14790466
2016-07-04T17:08:27Z,14790466
2016-06-08T21:24:47Z,14790466
2016-02-12T15:22:12Z,14790466
2017-10-31T17:08:34Z,275268
2016-01-05T22:38:39Z,12588436
2016-12-12T17:35:41Z,14790466
2016-09-02T21:53:50Z,275268
2016-02-11T18:46:08Z,275268
2019-08-12T21:50:00Z,438813
2017-06-22T08:39:16Z,275268
2015-11-05T09:52:51Z,275268
2016-02-22T22:38:28Z,14790466
2016-02-28T19:06:01Z,275268
2016-11-18T09:35:10Z,275268
2015-11-06T23:02:24Z,275268
2017-10-31T17:12:23Z,275268
2019-07-15T01:38:19Z,6530160
2017-06-09T20:54:22Z,275268
2019-06-02T13:16:09Z,35452565
2016-06-19T17:15:59Z,14790466
2015-12-23T15:42:21Z,275268
2015-11-13T20:43:38Z,14790466
2016-03-16T20:26:41Z,14790466
2017-09-01T05:32:25Z,1771574
2015-12-12T01:02:19Z,275268
2016-01-30T14:30:33Z,275268
2016-10-23T11:47:58Z,275268
2016-06-17T08:11:16Z,275268
2016-01-25T11:10:24Z,14790466
2018-11-28T18:39:16Z,275268
2016-03-04T17:29:16Z,275268
2017-12-17T09:58:00Z,275268
2018-09-24T18:06:36Z,275268
2015-12-25T12:45:04Z,14790466
2016-09-01T19:34:21Z,275268
2019-09-01T20:04:26Z,270308
2018-09-22T09:20:12Z,275268
2017-08-22T19:08:51Z,275268
2016-01-31T10:07:50Z,275268
2016-09-15T19:15:38Z,275268
2017-03-07T22:22:31Z,3471756
2016-11-24T19:19:17Z,7661457
2016-02-23T20:07:05Z,14790466
2016-10-30T20:03:54Z,14790466
2016-06-16T11:48:20Z,275268
2015-12-03T21:13:18Z,275268
2015-11-25T18:38:28Z,275268
2015-11-06T12:21:25Z,275268
2015-11-03T15:02:04Z,275268
2016-03-16T20:13:14Z,275268
2017-02-09T13:31:47Z,14790466
2016-02-21T17:53:49Z,275268
2015-11-03T14:03:10Z,275268
2016-11-21T14:19:21Z,20668183
2015-12-16T20:04:21Z,14790466
2018-11-30T09:54:04Z,275268
2016-08-15T20:23:26Z,275268
2018-09-22T07:01:03Z,396248
2018-06-12T17:49:51Z,275268
2015-12-29T09:15:02Z,275268
2020-08-11T19:28:31Z,78230120
2020-07-16T21:41:43Z,12238087
2016-10-23T10:52:54Z,275268
2016-12-22T22:08:02Z,275268
2016-09-15T20:13:30Z,275268
2019-06-01T20:19:30Z,275268
2017-04-09T18:53:56Z,275268
2016-07-01T01:34:47Z,14790466
2016-02-18T08:16:29Z,275268
2015-12-12T01:05:04Z,275268
2018-07-04T20:33:25Z,22571765
2017-04-13T10:02:09Z,7057665
2016-06-13T15:41:25Z,14790466
2019-06-01T20:21:53Z,275268
2016-12-06T01:59:48Z,14790466
2018-11-28T17:24:38Z,275268
2016-09-01T21:56:25Z,16093233
2017-12-15T06:37:20Z,1907266
2016-01-30T14:09:10Z,275268
2016-09-15T20:29:51Z,275268
2019-09-17T10:15:27Z,438813
2016-06-05T19:44:15Z,275268
2016-03-16T20:42:19Z,275268
2015-11-24T15:50:51Z,14790466
2015-11-20T23:10:30Z,14790466
2015-12-21T13:44:34Z,275268
2016-06-19T20:32:33Z,275268
2016-09-10T18:49:26Z,14790466
2016-06-19T19:29:01Z,275268
2016-06-11T14:38:17Z,275268
2015-11-06T22:22:58Z,275268
2016-03-22T21:10:55Z,275268
2017-02-03T10:22:33Z,14790466
2017-04-04T18:46:16Z,5773490
2016-02-07T21:00:50Z,275268
2016-01-30T16:37:57Z,275268
2015-11-07T14:09:04Z,275268
2017-12-17T11:08:52Z,275268
2016-02-21T17:57:55Z,275268
2017-12-15T06:30:40Z,1827709
2016-08-12T19:57:46Z,14790466
2016-10-23T11:19:29Z,275268
2016-05-12T00:22:23Z,7984168
2019-08-20T18:40:24Z,78230120
2015-12-09T19:11:47Z,275268
2017-04-09T18:10:52Z,275268
2017-06-11T14:40:29Z,275268
2016-03-08T05:27:59Z,7057692
2019-06-11T16:18:47Z,78230120
2017-12-16T13:14:51Z,7972792
2015-12-18T21:29:28Z,14790466
2016-06-06T20:28:25Z,275268
2015-12-13T17:21:56Z,14790466
2019-01-20T07:37:53Z,5302071
2017-06-21T12:18:43Z,275268
2016-06-05T21:59:30Z,14790466
2019-07-03T21:13:35Z,78230120
2016-01-30T16:31:20Z,275268
2019-05-31T08:50:14Z,40219331
2015-11-05T20:36:04Z,275268
2017-10-31T16:44:39Z,45958
2015-12-26T00:43:10Z,14790466
2015-11-07T14:56:41Z,275268
2017-01-25T21:48:44Z,275268
2015-12-22T16:45:24Z,275268
2015-11-03T13:11:35Z,275268
2015-11-04T08:53:56Z,275268
2017-01-05T12:19:11Z,10988488
2016-03-21T20:15:55Z,275268
2016-08-14T14:35:13Z,14790466
2015-11-07T20:30:26Z,275268
2018-11-28T18:52:16Z,275268
2016-05-19T11:51:23Z,14790466
2015-12-22T12:34:34Z,275268
2015-12-14T21:28:25Z,14790466
2016-10-23T11:07:14Z,275268
2019-05-29T15:24:40Z,275268
2019-09-04T07:02:36Z,5263214
2016-01-10T21:59:03Z,275268
2016-12-22T20:58:21Z,275268
2018-05-24T19:54:54Z,275268
2016-01-30T15:59:47Z,275268
2017-06-09T21:01:49Z,275268
2015-11-03T16:24:34Z,275268
2016-03-16T20:04:15Z,275268
2016-12-22T21:47:01Z,275268
2016-07-01T18:35:18Z,14790466
2015-12-12T00:51:40Z,275268
2016-02-09T20:01:16Z,275268
2016-06-11T21:59:43Z,275268
2016-12-16T19:30:35Z,275268
2018-07-04T20:22:16Z,35023083
2018-06-02T20:30:15Z,35023083
2018-05-24T20:08:23Z,275268
2016-06-22T21:37:34Z,14790466
2016-09-15T19:22:16Z,275268
2016-06-08T16:05:24Z,14790466
2018-11-28T18:56:32Z,275268
2017-01-30T21:22:26Z,14790466
2016-03-05T00:55:40Z,14790466
2019-09-16T15:15:23Z,2511384
2016-02-02T04:24:57Z,14790466
2016-08-18T16:25:51Z,14790466
2016-08-10T22:04:47Z,16093233
2019-06-24T10:49:20Z,12296710
2017-06-09T20:56:46Z,275268
2019-07-15T00:36:53Z,6766540
2016-02-25T15:40:57Z,14790466
2015-12-10T20:13:35Z,275268
2016-02-25T20:34:48Z,275268
2015-11-03T16:26:31Z,275268
2018-10-10T05:33:50Z,275268
2015-11-07T14:11:14Z,275268
2019-11-12T10:17:34Z,23755748
2019-11-05T07:59:46Z,5263214
2016-12-30T17:48:50Z,14790466
2016-03-22T21:18:05Z,275268
2015-11-12T11:50:34Z,14790466
2015-11-19T20:12:42Z,275268
2020-07-26T05:46:53Z,78230120
2017-04-17T10:27:22Z,275268
2017-06-06T21:39:05Z,43980
2019-02-28T20:52:37Z,25283027
2016-02-21T18:16:47Z,275268
2015-12-10T19:15:41Z,275268
2018-11-30T10:54:33Z,13129689
2017-12-17T09:41:43Z,275268
2016-03-11T22:03:36Z,14790466
2015-11-03T15:41:36Z,275268
2015-11-04T07:23:43Z,275268
2017-06-21T08:29:36Z,275268
2016-10-21T18:35:58Z,275268
2015-11-07T17:35:34Z,275268
2017-04-16T07:42:45Z,275268
2017-04-17T10:17:24Z,275268
2015-11-19T20:42:20Z,275268
2016-10-21T17:58:25Z,275268
2019-11-05T14:30:23Z,78230120
2018-11-13T18:11:42Z,275268
2017-09-23T11:33:17Z,275268
2016-05-19T18:41:33Z,275268
2016-09-16T07:37:45Z,547516
2016-02-07T21:27:29Z,275268
2016-01-08T21:48:01Z,275268
2017-12-02T10:20:38Z,45958
2017-04-16T07:45:26Z,275268
2016-03-21T22:54:29Z,275268
2016-03-10T03:21:49Z,14790466
2020-08-05T09:34:26Z,78230120
2015-11-25T18:19:49Z,275268
2016-06-05T21:10:39Z,275268
2016-02-21T17:56:16Z,275268
2015-11-07T14:28:47Z,275268
2018-05-24T20:37:20Z,275268
2016-03-12T15:16:55Z,14790466
2015-11-20T19:15:35Z,275268
2019-06-02T08:15:04Z,10106352
2015-11-03T22:39:22Z,275268
2017-10-31T17:35:49Z,275268
2015-11-03T13:14:57Z,275268
2015-11-03T13:13:49Z,275268
2017-03-28T16:42:32Z,2433183
2015-11-30T20:37:20Z,14790466
2016-06-19T18:39:17Z,275268
2017-02-06T07:51:09Z,14790466
2017-06-18T14:59:50Z,275268
2016-03-11T20:27:47Z,275268
2015-11-07T10:15:37Z,275268
2017-06-09T20:55:40Z,275268
2016-09-01T18:52:39Z,275268
2016-02-21T21:15:02Z,275268
2019-07-14T19:33:16Z,275268
2015-11-03T16:27:28Z,275268
2015-11-06T22:53:16Z,275268
2015-12-17T18:14:56Z,275268
2019-08-23T18:48:48Z,78230120
2015-11-03T14:12:48Z,275268
2016-07-07T18:58:19Z,275268
2017-06-18T15:54:31Z,275268
2016-03-08T22:31:11Z,14790466
2015-11-07T14:47:16Z,275268
2016-05-17T19:24:44Z,275268
2017-01-20T16:19:41Z,1503474
2017-06-09T20:53:54Z,275268
2016-02-12T18:35:54Z,275268
2016-08-15T18:43:22Z,275268
2016-01-12T21:55:13Z,275268
2015-12-21T13:56:43Z,275268
2015-12-12T11:11:17Z,275268
2016-03-21T19:43:49Z,275268
2017-04-17T11:08:38Z,275268
2016-09-15T17:36:24Z,275268
2015-12-17T18:40:41Z,275268
2016-01-19T13:43:56Z,14790466
2016-10-23T11:19:49Z,275268
2016-02-21T22:01:53Z,275268
2015-11-19T22:21:34Z,275268
2017-09-08T14:57:07Z,110414
2019-03-02T10:33:24Z,723414
2015-11-07T14:23:27Z,275268
2016-09-01T20:27:35Z,275268
2016-06-08T18:51:42Z,275268
2015-11-13T21:03:25Z,275268
2015-11-03T14:55:38Z,275268
2015-11-03T15:45:55Z,275268
2019-07-11T14:38:36Z,78230120
2020-07-16T21:35:38Z,8064923
2016-10-23T11:07:07Z,275268
2018-09-24T18:11:06Z,275268
2016-03-22T21:02:49Z,275268
2015-12-17T20:45:25Z,275268
2017-12-02T10:22:43Z,1747459
2016-06-05T18:28:23Z,275268
2018-02-02T18:55:28Z,2785780
2016-03-21T20:31:27Z,275268
2018-07-04T20:18:01Z,29201552
2017-10-06T00:40:29Z,1953635
2016-02-21T18:21:43Z,275268
2016-06-21T18:53:31Z,275268
2016-02-21T20:13:32Z,275268
2016-02-29T17:35:10Z,14790466
2017-08-22T19:26:15Z,275268
2016-02-21T18:11:47Z,275268
2015-11-04T10:01:29Z,275268
2017-04-16T07:40:32Z,275268
2016-08-12T19:25:38Z,275268
2016-03-21T19:09:34Z,275268
2018-07-04T19:46:34Z,275268
2016-01-12T17:24:49Z,275268
2015-12-25T11:13:14Z,275268
2016-11-18T06:54:24Z,275268
2016-10-13T17:51:59Z,275268
2015-11-07T15:01:10Z,275268
2016-03-08T06:06:55Z,7057692
2016-02-25T22:10:50Z,14790466
2016-02-21T20:38:23Z,275268
2015-11-07T14:05:12Z,275268
2017-08-22T19:04:58Z,275268
2016-06-19T19:54:25Z,275268
2017-06-19T17:45:59Z,275268
2016-08-15T20:10:39Z,275268
2017-10-31T17:26:10Z,275268
2017-03-26T12:38:16Z,275268
2016-02-23T20:18:01Z,275268
2017-02-09T20:22:17Z,14790466
2017-04-17T10:24:26Z,275268
2015-12-27T19:28:43Z,275268
2015-11-16T15:38:28Z,14790466
2017-06-09T20:55:01Z,275268
2015-12-27T10:05:48Z,275268
2016-06-12T17:50:25Z,275268
2015-11-12T20:14:40Z,275268
2017-09-28T09:56:58Z,1884718
2016-01-30T17:02:44Z,275268
2016-02-09T19:04:29Z,275268
2015-11-07T14:35:32Z,275268
2016-02-24T18:06:40Z,275268
2019-07-02T15:35:08Z,78230120
2016-03-20T18:46:55Z,275268
2018-05-01T07:22:16Z,275268
2015-12-17T17:44:40Z,275268
2016-02-07T20:30:56Z,275268
2016-02-27T19:22:46Z,275268
2015-11-03T14:51:07Z,275268
2016-08-10T01:40:39Z,791137
2018-05-24T19:46:32Z,275268
2017-10-31T17:16:08Z,275268
2017-08-22T18:46:46Z,3603793
2018-05-23T19:50:06Z,19666213
2016-09-01T21:06:38Z,1966467
2020-07-20T12:21:11Z,78230120
2016-09-02T22:02:32Z,275268
2016-01-25T11:58:05Z,14790466
2015-12-10T20:31:34Z,275268
2016-01-02T17:43:47Z,275268
2021-05-07T11:51:48Z,275268
2017-06-11T03:02:18Z,78230120
2016-03-02T19:46:51Z,14790466
2016-03-05T18:51:34Z,275268
2019-06-11T16:11:47Z,15866197
2019-07-07T14:53:56Z,6766540
2016-11-07T19:50:25Z,275268
2015-11-07T14:58:11Z,275268
2016-01-06T19:08:42Z,275268
2019-01-20T07:46:50Z,423868
2016-09-11T01:27:47Z,14790466
2016-07-10T17:17:59Z,275268
2017-09-01T05:23:54Z,110414
2015-12-11T01:33:31Z,14790466
2016-06-05T18:57:24Z,275268
2016-02-09T20:12:49Z,275268
2016-10-22T13:42:35Z,275268
2016-06-08T21:25:52Z,275268
2015-12-27T08:55:10Z,275268
2016-06-09T20:02:43Z,275268
2019-09-01T16:24:00Z,438813
2015-12-21T13:30:34Z,275268
2015-11-03T16:26:59Z,275268
2016-06-29T14:02:26Z,14790466
2016-03-21T19:28:54Z,275268
2016-02-21T17:50:09Z,275268
2018-06-02T20:24:14Z,275268
2015-12-05T20:47:14Z,14790466
2018-06-12T17:53:23Z,275268
2017-04-03T07:58:31Z,14790466
2016-10-21T18:47:40Z,275268
2015-12-29T17:14:55Z,14790466
2016-11-14T01:15:02Z,14790466
2019-06-01T20:12:45Z,275268
2016-05-12T21:30:07Z,275268
2019-06-01T20:17:49Z,275268
2015-11-05T20:42:23Z,275268
2016-03-16T23:07:59Z,14790466
2019-06-01T20:30:01Z,275268
2016-10-23T10:09:17Z,275268
2015-11-03T13:08:16Z,275268
2015-12-21T11:59:22Z,275268
2016-09-15T18:51:07Z,275268
2016-02-08T19:03:59Z,14790466
2015-12-23T17:24:45Z,275268
2016-06-08T21:35:39Z,275268
2017-11-17T18:28:57Z,7784737
2015-12-22T12:48:07Z,275268
2017-10-07T08:18:29Z,10988488
2016-06-05T19:49:43Z,275268
2019-09-17T17:50:41Z,275268
2015-12-12T16:38:16Z,275268
2017-02-01T23:23:16Z,6187137
2019-12-04T08:08:23Z,13819480
2016-08-17T15:21:48Z,14790466
2019-05-30T21:04:59Z,78230120
2018-04-23T18:27:30Z,275268
2016-03-22T20:57:49Z,275268
2017-01-19T16:10:28Z,1503474
2015-11-05T20:33:27Z,275268
2016-03-21T19:20:10Z,275268
2015-12-14T20:08:25Z,275268
2017-04-17T10:55:56Z,275268
2016-02-24T17:25:23Z,275268
2016-08-08T12:39:30Z,638836
2016-02-08T14:21:59Z,14790466
2019-11-21T06:13:13Z,275268
2017-06-12T18:23:54Z,6475576
2015-11-03T15:32:27Z,275268
2016-09-01T19:04:15Z,275268
2019-08-26T14:39:50Z,78230120
2018-03-18T14:39:47Z,275268
2015-12-27T10:16:29Z,275268
2017-08-22T19:27:23Z,275268
2017-09-01T18:27:42Z,275268
2019-05-30T20:22:23Z,78230120
2019-06-03T18:12:18Z,25283027
2016-01-10T21:18:08Z,275268
2019-01-20T08:31:07Z,275268
2015-11-20T19:17:47Z,275268
2017-01-18T20:59:31Z,14790466
2016-10-23T10:57:05Z,275268
2015-11-20T23:24:39Z,14790466
2016-06-29T21:41:45Z,14790466
2015-12-26T11:29:43Z,275268
2015-11-24T02:24:31Z,14790466
2015-12-03T10:33:41Z,275268
2015-12-27T19:35:21Z,275268
2016-06-11T13:28:01Z,275268
2019-06-24T16:22:26Z,78230120
2017-04-16T07:43:57Z,275268
2016-03-20T15:05:27Z,14790466
2017-08-22T18:58:36Z,275268
2016-03-21T20:03:12Z,275268
2015-11-14T15:17:20Z,275268
2019-06-03T15:50:43Z,18391088
2017-10-31T17:27:16Z,275268
2016-09-09T13:06:56Z,638836
2016-08-31T04:57:07Z,14790466
2016-07-05T16:13:04Z,963301
2015-11-08T12:37:59Z,275268
2016-06-08T18:44:08Z,275268
2015-11-05T20:34:11Z,275268
2017-07-17T19:42:11Z,24256131
2016-10-22T13:44:16Z,275268
2018-05-01T07:27:13Z,275268
2018-04-23T18:12:20Z,275268
2016-03-22T21:03:59Z,275268
2016-03-22T21:03:44Z,275268
2016-01-30T17:01:33Z,275268
2019-09-17T18:21:27Z,275268
2016-11-24T19:52:26Z,7661457
2018-05-07T20:37:27Z,6781474
2017-04-12T19:03:09Z,275268
2016-01-15T19:10:16Z,275268
2015-11-08T12:41:55Z,275268
2016-02-21T13:46:15Z,275268
2017-08-22T18:32:55Z,275268
2016-03-21T19:22:05Z,275268
2015-11-05T20:34:38Z,275268
2016-02-25T06:36:59Z,7057692
2016-01-30T15:03:44Z,275268
2015-12-21T07:20:12Z,275268
2016-02-09T21:49:40Z,14790466
2016-01-12T19:44:04Z,275268
2017-12-17T11:29:34Z,275268
2017-06-09T13:32:09Z,110414
2016-06-05T21:57:13Z,275268
2018-04-30T14:42:22Z,275268
2016-06-11T14:12:30Z,275268
2016-12-16T20:26:31Z,275268
2016-03-03T07:24:04Z,14790466
2015-11-07T14:02:11Z,275268
2019-09-16T14:59:05Z,18003912
2016-01-28T17:06:31Z,14790466
2016-09-14T20:32:55Z,5211330
2016-01-10T21:58:15Z,275268
2017-04-12T18:40:42Z,275268
2016-08-13T00:13:48Z,14790466
2015-11-14T12:46:10Z,14790466
2016-09-12T18:13:17Z,275268
2016-02-12T18:54:12Z,275268
2015-12-07T22:51:58Z,14790466
2015-11-04T20:53:48Z,275268
2017-04-15T20:49:45Z,275268
2016-03-22T20:44:47Z,275268
2016-05-19T18:35:33Z,275268
2017-06-18T15:19:23Z,13302296
2016-03-14T11:42:43Z,275268
2015-12-12T14:51:34Z,275268
2015-12-10T19:14:38Z,275268
2015-12-03T17:46:35Z,14790466
2015-12-26T10:52:34Z,275268
2017-03-26T12:28:40Z,275268
2016-06-16T13:28:21Z,275268
2016-03-08T22:02:27Z,14790466
2015-11-07T09:31:22Z,275268
2017-12-17T10:19:11Z,275268
2016-01-30T16:41:54Z,275268
2018-07-04T20:30:49Z,23424538
2016-01-30T17:26:28Z,275268
2017-06-22T08:29:15Z,275268
2015-11-20T18:41:59Z,275268
2017-12-15T10:32:50Z,7972792
2017-10-31T16:56:41Z,275268
2015-11-07T19:21:47Z,275268
2017-10-31T17:02:23Z,275268
2016-01-10T20:44:43Z,275268
2017-06-18T15:15:52Z,4728700
2018-03-06T16:01:38Z,6926127
2016-03-16T18:39:24Z,14790466
2019-06-01T20:26:55Z,275268
2017-04-03T20:57:23Z,275268
2016-03-21T19:07:06Z,275268
2016-03-14T10:03:56Z,275268
