2017-12-01 18:12:33+00:00,710255
2017-11-14 21:40:18+00:00,710255
2021-06-25 08:48:31+00:00,5118881
2021-08-04 03:40:32+00:00,5118881
2022-08-02 17:50:20+00:00,5118881
2018-03-06 22:05:39+00:00,710255
2020-06-17 21:32:46+00:00,710255
2018-04-23 19:43:48+00:00,710255
2021-10-05 17:33:28+00:00,5118881
2019-10-07 20:03:26+00:00,710255
2017-07-07 20:48:29+00:00,710255
2018-06-06 18:53:18+00:00,710255
2019-08-22 00:58:08+00:00,710255
2018-07-27 22:06:51+00:00,710255
2022-10-17 21:18:54+00:00,5118881
2022-11-08 22:37:12+00:00,5118881
2017-06-12 18:46:21+00:00,710255
2022-04-22 17:34:55+00:00,5118881
2022-03-31 17:39:27+00:00,5118881
2017-04-29 23:18:54+00:00,710255
2021-10-27 00:56:39+00:00,5118881
2021-12-21 22:02:18+00:00,5118881
2022-04-07 23:23:08+00:00,5118881
2022-01-06 18:16:11+00:00,5118881
2017-11-13 19:52:31+00:00,710255
2021-07-08 18:20:39+00:00,5118881
2017-03-14 15:34:11+00:00,710255
2017-08-25 19:01:46+00:00,710255
2018-10-03 20:58:20+00:00,710255
2021-09-23 18:18:08+00:00,5118881
2019-09-17 17:01:48+00:00,710255
2018-07-28 19:32:13+00:00,710255
2022-10-24 18:53:39+00:00,5118881
2017-08-21 22:13:50+00:00,710255
2017-11-01 20:03:25+00:00,710255
2018-01-16 04:55:08+00:00,710255
2021-06-30 17:27:58+00:00,5118881
2018-10-01 19:00:01+00:00,710255
2018-02-13 22:52:55+00:00,710255
