2019-10-07 22:36:38+00:00,43185254
2022-05-22 22:16:09+00:00,16359713
2019-06-21 17:20:35+00:00,16359713
2020-12-04 03:09:50+00:00,16359713
2020-04-10 22:59:49+00:00,16359713
2022-08-22 17:25:57+00:00,16359713
2017-02-03 23:13:00+00:00,1192265
2017-01-26 18:57:25+00:00,7946809
2020-01-26 03:57:51+00:00,16359713
2021-10-31 17:10:05+00:00,323199
2019-04-18 17:36:20+00:00,323199
2017-03-24 02:51:15+00:00,22060313
2021-01-04 20:18:42+00:00,16359713
2018-09-11 23:18:00+00:00,32465472
2016-12-19 23:18:10+00:00,1192265
2022-11-01 18:55:58+00:00,16359713
2020-06-26 04:41:11+00:00,43185254
2020-07-08 19:51:39+00:00,43185254
2019-09-30 23:36:12+00:00,43185254
2017-04-04 18:07:14+00:00,5588272
2021-06-11 16:09:43+00:00,16359713
2018-03-20 19:51:33+00:00,5588272
2018-04-19 15:53:13+00:00,1192265
2019-05-23 18:33:28+00:00,16359713
2019-03-05 21:41:53+00:00,43185254
2022-08-02 17:54:45+00:00,16359713
2019-06-08 02:23:20+00:00,16359713
2022-01-30 15:27:47+00:00,16359713
2020-07-17 19:45:59+00:00,53313357
2021-06-29 00:23:36+00:00,16359713
2016-09-08 21:49:36+00:00,7946809
2020-04-29 17:43:22+00:00,16359713
2020-11-07 01:46:19+00:00,16359713
2019-12-10 22:17:34+00:00,16359713
2021-05-04 23:35:43+00:00,16359713
2019-12-21 02:27:18+00:00,16359713
2019-02-15 00:42:33+00:00,326106
2018-03-21 03:28:38+00:00,22060313
2022-08-12 17:58:13+00:00,16359713
2021-06-04 22:32:44+00:00,16359713
2020-01-22 23:43:57+00:00,16359713
2020-09-22 01:54:47+00:00,323199
2020-05-14 02:17:30+00:00,323199
2019-01-23 10:05:14+00:00,326106
2019-06-13 17:41:13+00:00,22060313
2017-05-26 18:29:48+00:00,5588272
2021-08-11 22:06:44+00:00,323199
2017-11-01 20:21:13+00:00,1299636
2017-10-10 23:45:41+00:00,1299636
2018-07-30 18:46:35+00:00,5588272
2017-09-26 17:54:56+00:00,5588272
2022-01-22 16:57:16+00:00,16359713
2022-05-22 22:24:29+00:00,16359713
2021-01-04 20:19:09+00:00,16359713
2022-05-22 22:28:22+00:00,16359713
2020-09-22 01:57:12+00:00,323199
2021-01-21 00:25:54+00:00,16359713
2019-09-11 17:43:51+00:00,43185254
2021-04-24 00:13:00+00:00,16359713
2018-01-25 22:22:10+00:00,32465472
2022-05-13 18:05:15+00:00,16359713
2018-07-21 00:59:01+00:00,1299636
2018-07-09 20:38:25+00:00,1299636
2018-06-14 13:24:27+00:00,1299636
2016-07-29 21:34:44+00:00,1192265
2021-10-30 22:59:09+00:00,323199
2020-09-22 01:53:53+00:00,323199
2022-04-21 17:30:05+00:00,16359713
2021-01-04 20:20:31+00:00,16359713
2022-09-01 18:22:43+00:00,16359713
2020-05-14 22:21:31+00:00,323199
2018-11-02 01:35:10+00:00,43185254
2021-11-01 01:31:04+00:00,16359713
2021-10-04 19:36:31+00:00,16359713
2021-10-20 03:29:02+00:00,16359713
2016-04-22 20:51:21+00:00,577277
2022-01-31 19:17:33+00:00,16359713
2018-07-02 22:07:51+00:00,5588272
2018-01-03 00:00:43+00:00,5588272
2016-02-16 16:57:59+00:00,577277
2020-03-10 17:18:52+00:00,43185254
2021-04-12 16:43:40+00:00,16359713
2021-08-11 22:06:57+00:00,323199
2019-11-26 23:28:10+00:00,16359713
2022-05-12 17:27:30+00:00,16359713
2022-11-16 01:17:12+00:00,16359713
2020-09-23 23:30:37+00:00,323199
2018-09-14 19:38:07+00:00,32465472
2016-02-20 07:42:14+00:00,463737
2016-10-31 17:55:37+00:00,1192265
2016-02-10 20:27:36+00:00,577277
2018-06-06 22:07:00+00:00,5588272
2021-11-03 20:34:02+00:00,323199
2019-08-22 17:40:23+00:00,43185254
2017-08-03 20:32:46+00:00,5588272
2020-09-22 01:57:17+00:00,323199
2020-05-05 21:58:49+00:00,16359713
2019-09-19 21:51:25+00:00,43185254
2016-12-25 13:44:34+00:00,7946809
2020-01-07 16:57:39+00:00,16359713
2016-12-10 04:59:10+00:00,1192265
2017-03-07 22:16:05+00:00,7946809
2022-11-15 01:07:24+00:00,16359713
2022-10-18 15:57:32+00:00,16359713
2021-04-01 04:24:10+00:00,16359713
2022-05-13 17:11:29+00:00,16359713
2019-02-07 18:19:52+00:00,326106
2018-05-04 19:13:34+00:00,22060313
2017-06-06 02:34:52+00:00,5588272
2022-05-12 17:27:32+00:00,16359713
2020-11-24 02:38:14+00:00,16359713
2021-08-09 19:10:27+00:00,16359713
2021-12-22 02:09:05+00:00,16359713
2022-09-01 18:04:52+00:00,16359713
2017-02-08 18:32:14+00:00,1192265
2019-09-27 21:56:33+00:00,43185254
2020-03-26 22:19:19+00:00,43185254
2021-06-08 23:03:14+00:00,16359713
2018-04-27 16:36:49+00:00,1192265
2017-08-17 01:20:31+00:00,5588272
2017-12-08 04:12:18+00:00,5588272
2017-07-19 20:17:35+00:00,5588272
2020-05-12 19:46:23+00:00,323199
2017-07-26 23:47:36+00:00,5588272
2018-04-12 18:07:34+00:00,22060313
2022-11-15 01:23:24+00:00,16359713
2022-04-07 16:50:03+00:00,16359713
2019-06-18 22:48:23+00:00,16359713
2020-03-18 22:54:49+00:00,43185254
2022-01-30 00:24:32+00:00,16359713
2019-02-25 20:37:04+00:00,7946809
2018-08-07 23:52:04+00:00,5588272
2017-04-21 01:01:36+00:00,5588272
2020-11-02 06:18:39+00:00,16359713
2022-11-15 00:46:00+00:00,16359713
2017-05-19 21:49:40+00:00,5588272
2021-08-03 00:34:40+00:00,16359713
2018-10-26 03:26:00+00:00,43185254
2017-02-11 06:33:43+00:00,1192265
2019-09-08 20:24:52+00:00,43185254
2017-10-20 23:10:16+00:00,1299636
2020-12-12 01:37:22+00:00,16359713
2022-05-04 16:21:35+00:00,16359713
2018-03-29 04:18:40+00:00,22060313
2018-02-04 20:28:47+00:00,5588272
2018-02-28 18:52:31+00:00,7946809
2017-01-10 00:17:51+00:00,7946809
2019-10-14 21:08:43+00:00,43185254
2018-08-23 19:58:44+00:00,5588272
2016-06-06 06:56:44+00:00,577277
2016-04-13 15:26:19+00:00,577277
2018-01-13 00:29:30+00:00,32465472
2018-10-16 17:14:23+00:00,43185254
2020-11-17 22:39:53+00:00,16359713
2021-01-04 20:19:34+00:00,16359713
2019-06-07 07:00:18+00:00,43185254
2017-06-30 01:34:24+00:00,5588272
2021-06-10 18:18:38+00:00,16359713
2016-10-21 00:06:33+00:00,1192265
2017-06-14 19:02:07+00:00,5588272
2018-10-08 18:36:57+00:00,22060313
2019-09-16 05:00:45+00:00,43185254
2020-07-24 00:09:13+00:00,16359713
2022-01-30 15:39:47+00:00,16359713
2018-09-20 18:15:35+00:00,32465472
2022-09-02 22:59:55+00:00,16359713
2016-06-21 21:36:21+00:00,577277
2022-08-26 15:05:21+00:00,16359713
2021-07-09 21:29:59+00:00,16359713
2016-11-09 22:07:53+00:00,1192265
2018-03-13 04:02:38+00:00,1192265
2017-04-14 21:41:11+00:00,5588272
2022-10-19 00:14:58+00:00,16359713
2019-07-15 18:15:22+00:00,16359713
2022-05-20 22:44:46+00:00,16359713
2018-02-13 23:20:07+00:00,7946809
2021-08-08 20:49:54+00:00,16359713
2016-11-28 22:31:19+00:00,7946809
2021-10-30 22:58:36+00:00,323199
2016-09-30 17:15:46+00:00,7946809
2018-09-25 21:50:52+00:00,32465472
2021-05-12 13:26:41+00:00,16359713
2022-09-01 18:34:47+00:00,16359713
2021-01-04 20:20:11+00:00,16359713
