2014-02-27 15:50:28+00:00,230541
2013-03-03 17:11:31+00:00,230541
2021-01-25 00:27:37+00:00,230541
2013-03-22 22:40:20+00:00,230541
2014-03-25 03:45:53+00:00,230541
2013-03-03 18:29:06+00:00,230541
2015-11-10 03:57:55+00:00,230541
2013-10-11 00:19:13+00:00,230541
2019-06-28 04:35:12+00:00,230541
2013-12-16 17:25:37+00:00,230541
2013-04-07 02:29:54+00:00,230541
2018-03-22 17:30:10+00:00,230541
2016-08-16 04:19:25+00:00,230541
2013-01-24 17:58:58+00:00,230541
2013-09-05 19:26:47+00:00,230541
2013-01-15 18:01:15+00:00,230541
2022-04-03 15:44:59+00:00,230541
2016-09-19 18:55:44+00:00,230541
2017-11-21 22:03:49+00:00,230541
2022-04-11 19:34:53+00:00,230541
2014-07-17 22:58:25+00:00,230541
2011-08-23 19:53:32+00:00,230541
2015-12-17 16:55:32+00:00,230541
2016-02-18 01:39:31+00:00,230541
2013-03-24 23:51:10+00:00,230541
2014-12-30 17:05:39+00:00,230541
2021-01-22 18:40:08+00:00,230541
2018-08-24 21:43:31+00:00,230541
2016-10-11 15:54:56+00:00,230541
2014-02-18 16:39:41+00:00,230541
2014-04-14 03:55:37+00:00,230541
2019-08-21 06:39:36+00:00,230541
2014-07-12 06:01:23+00:00,230541
2016-02-11 20:02:58+00:00,230541
2011-12-09 02:06:44+00:00,230541
2013-11-19 17:20:15+00:00,230541
2016-07-02 05:27:51+00:00,230541
2016-09-22 17:30:22+00:00,230541
2018-04-17 15:36:00+00:00,230541
2013-02-06 19:04:53+00:00,230541
2021-09-20 03:16:43+00:00,230541
2017-09-02 22:31:45+00:00,230541
2021-06-11 18:10:19+00:00,230541
2018-05-07 17:30:39+00:00,230541
2018-04-16 16:23:09+00:00,230541
2020-04-01 19:24:40+00:00,230541
2013-01-11 00:43:06+00:00,230541
2013-04-30 23:09:55+00:00,230541
2019-11-16 19:53:24+00:00,230541
2019-09-07 03:55:15+00:00,230541
2017-03-13 16:10:29+00:00,230541
2019-11-17 16:16:23+00:00,230541
2019-03-14 16:13:15+00:00,230541
2019-12-29 16:50:50+00:00,230541
2018-04-17 20:54:26+00:00,230541
2018-05-11 19:28:39+00:00,230541
2015-11-16 16:02:34+00:00,230541
2022-07-03 13:34:38+00:00,230541
2018-05-09 14:40:33+00:00,230541
2021-12-04 17:23:16+00:00,230541
2017-07-14 21:03:03+00:00,230541
2021-10-03 03:18:56+00:00,230541
2017-12-26 21:52:07+00:00,230541
2021-10-01 15:14:36+00:00,230541
2013-12-14 00:07:31+00:00,230541
2020-08-31 15:29:19+00:00,230541
2016-09-20 20:12:56+00:00,230541
2014-12-06 22:29:04+00:00,230541
2017-02-19 17:00:37+00:00,230541
2013-10-14 15:56:40+00:00,230541
2013-06-13 22:48:01+00:00,230541
2013-08-23 21:22:35+00:00,230541
2019-06-28 02:48:56+00:00,230541
2013-08-22 04:09:09+00:00,230541
2014-12-08 18:50:45+00:00,230541
2021-03-24 16:49:01+00:00,230541
2019-08-21 04:00:59+00:00,230541
2013-11-30 01:15:43+00:00,230541
2017-01-18 10:00:38+00:00,230541
2021-09-24 17:46:10+00:00,230541
2013-10-25 22:36:58+00:00,230541
2020-12-03 20:57:50+00:00,230541
2012-02-25 03:19:48+00:00,230541
2012-04-15 21:43:01+00:00,230541
2014-01-10 22:18:17+00:00,230541
2022-01-07 18:16:32+00:00,230541
2021-09-19 18:33:19+00:00,230541
2013-01-01 23:52:59+00:00,230541
2016-05-05 00:29:22+00:00,230541
2017-02-28 20:22:40+00:00,230541
2018-01-28 19:29:39+00:00,230541
2013-06-26 15:03:08+00:00,230541
2011-09-18 03:35:51+00:00,230541
2015-07-04 03:03:19+00:00,230541
2019-02-07 20:17:24+00:00,230541
2011-09-27 22:00:34+00:00,230541
2017-01-06 17:12:26+00:00,230541
2016-01-27 17:32:46+00:00,230541
2011-08-29 18:57:05+00:00,230541
2022-06-24 12:52:21+00:00,230541
2014-10-08 15:23:37+00:00,31223
2014-01-13 19:42:10+00:00,230541
2016-09-12 23:35:35+00:00,230541
2022-04-07 18:14:00+00:00,230541
2017-10-03 17:24:17+00:00,230541
2013-03-21 23:46:38+00:00,230541
2014-10-17 12:02:17+00:00,31223
2012-12-28 17:19:41+00:00,230541
2013-05-28 23:00:04+00:00,230541
2013-05-20 20:37:25+00:00,230541
2019-01-28 17:59:00+00:00,230541
2020-04-20 17:58:56+00:00,230541
2019-11-17 22:50:51+00:00,230541
2019-11-20 15:32:23+00:00,230541
2016-08-03 00:42:13+00:00,230541
2021-03-29 16:40:54+00:00,230541
2013-07-12 00:21:38+00:00,230541
2017-01-20 23:09:13+00:00,230541
2016-11-23 01:31:45+00:00,230541
2013-09-21 18:49:14+00:00,230541
2015-02-10 16:36:24+00:00,230541
2013-07-19 03:30:42+00:00,230541
2016-10-27 18:43:19+00:00,230541
2019-06-26 18:06:33+00:00,230541
2020-08-29 19:54:00+00:00,230541
2018-01-29 13:33:48+00:00,230541
2016-06-28 15:01:50+00:00,230541
2015-02-07 20:31:28+00:00,230541
2019-06-26 18:19:13+00:00,230541
2017-01-23 18:49:16+00:00,230541
2019-02-10 04:34:31+00:00,230541
2013-08-27 05:42:08+00:00,230541
2017-03-24 16:07:03+00:00,230541
2016-07-29 23:02:36+00:00,230541
2014-06-30 17:17:06+00:00,230541
2019-11-16 20:59:39+00:00,230541
2017-01-29 05:37:09+00:00,230541
2013-05-15 23:14:55+00:00,230541
2013-07-12 16:39:03+00:00,230541
2013-05-20 17:40:25+00:00,230541
2022-07-03 14:04:27+00:00,230541
2021-04-16 00:12:22+00:00,230541
2022-06-26 23:40:31+00:00,230541
2020-08-26 22:25:41+00:00,7001
2021-08-16 20:01:24+00:00,230541
2014-05-19 18:26:03+00:00,230541
2017-03-02 20:35:19+00:00,230541
2017-05-15 19:20:34+00:00,230541
2017-04-15 05:35:56+00:00,230541
2011-11-23 21:00:47+00:00,230541
2013-09-26 21:44:03+00:00,230541
2013-03-21 23:52:36+00:00,230541
2020-09-23 16:56:59+00:00,230541
2013-08-01 14:38:00+00:00,230541
2012-08-10 03:12:08+00:00,230541
2017-03-10 18:29:59+00:00,230541
2013-03-21 22:55:39+00:00,230541
2018-06-16 18:08:06+00:00,230541
2013-09-19 03:52:52+00:00,230541
2015-11-10 16:34:27+00:00,230541
2022-04-02 22:25:05+00:00,230541
2019-02-05 00:07:32+00:00,230541
2019-02-04 20:25:22+00:00,230541
2017-09-03 18:25:46+00:00,230541
2013-07-01 18:10:13+00:00,230541
2014-12-09 18:11:40+00:00,230541
2017-12-26 19:51:25+00:00,230541
2019-08-19 16:47:33+00:00,230541
2011-11-05 02:37:00+00:00,230541
2016-07-11 02:47:51+00:00,230541
2018-08-20 21:06:06+00:00,230541
2021-03-10 20:25:23+00:00,230541
2016-01-20 17:56:00+00:00,230541
2013-06-19 17:55:08+00:00,230541
2015-12-14 19:16:48+00:00,230541
2020-12-08 22:38:12+00:00,230541
2022-03-28 23:02:49+00:00,230541
2012-12-21 17:18:47+00:00,230541
2015-11-30 02:40:03+00:00,230541
2013-07-06 03:13:41+00:00,230541
2016-10-20 17:50:30+00:00,230541
2014-04-08 04:43:39+00:00,230541
2011-10-11 04:40:19+00:00,230541
2019-06-27 20:14:33+00:00,230541
2021-12-10 15:53:42+00:00,230541
2017-05-16 14:50:13+00:00,230541
