2021-10-04 14:35:54+00:00,1242887
2022-04-28 17:48:24+00:00,1242887
2022-02-14 19:47:04+00:00,1242887
2019-07-08 17:58:12+00:00,1242887
2022-03-30 21:38:55+00:00,1242887
2018-04-26 19:25:54+00:00,1242887
2021-04-16 15:54:31+00:00,1242887
2018-04-26 19:12:11+00:00,1242887
2022-08-08 23:25:33+00:00,1242887
2021-05-03 14:14:10+00:00,1242887
2021-05-11 21:44:16+00:00,1242887
2019-07-04 23:04:42+00:00,1242887
2018-04-30 01:23:30+00:00,1242887
2018-05-02 14:16:14+00:00,1242887
2020-04-03 17:10:38+00:00,1242887
2022-03-28 19:12:29+00:00,1242887
2022-07-13 20:54:55+00:00,1242887
2019-07-04 22:33:46+00:00,1242887
2018-04-30 02:08:16+00:00,1242887
2021-05-21 15:52:43+00:00,1242887
2019-05-17 17:57:51+00:00,1242887
2022-08-02 00:14:22+00:00,1242887
2022-08-03 23:51:45+00:00,1242887
