2022-04-11 19:17:49+00:00,3506071
2021-07-15 15:53:26+00:00,22898577
2020-07-23 21:51:08+00:00,3506071
2020-07-29 00:08:08+00:00,3506071
2020-06-29 23:55:04+00:00,3506071
2020-08-03 19:50:31+00:00,3506071
2020-04-30 20:08:04+00:00,3506071
2020-08-31 23:15:31+00:00,3506071
2021-12-16 22:40:29+00:00,3506071
2014-11-26 18:30:24+00:00,1265995
2020-06-18 23:38:17+00:00,3506071
2014-10-06 21:54:34+00:00,1265995
2020-09-01 03:43:33+00:00,3506071
2020-03-13 21:44:24+00:00,3506071
2020-12-18 06:21:32+00:00,3506071
2020-09-24 00:30:14+00:00,3506071
